,analysis_sample_rate,audio_md5,danceability,duration,end_of_fade_in,energy,idx_bars_confidence,idx_bars_start,idx_beats_confidence,idx_beats_start,idx_sections_confidence,idx_sections_start,idx_segments_confidence,idx_segments_loudness_max,idx_segments_loudness_max_time,idx_segments_loudness_start,idx_segments_pitches,idx_segments_start,idx_segments_timbre,idx_tatums_confidence,idx_tatums_start,key,key_confidence,loudness,mode,mode_confidence,start_of_fade_out,tempo,time_signature,time_signature_confidence,track_id,analyzer_version,artist_7digitalid,artist_familiarity,artist_hotttnesss,artist_id,artist_latitude,artist_location,artist_longitude,artist_mbid,artist_name,artist_playmeid,genre,idx_artist_terms,idx_similar_artists,release,release_7digitalid,song_hotttnesss,song_id,title,track_7digitalid,idx_artist_mbtags,year
0,22050,aee9820911781c734e7694c5432990ca,0.0,252.05506,2.049,0.0,0,0,0,0,0,0,0,0,0,0,0,0,0,0,0,10,0.777,-4.829,0,0.688,236.635,87.002,4,0.94,TRMMMYQ128F932D901,,4069,0.649822100201,0.394031892714,ARYZTJS1187B98C555,,,,357ff05d-848a-44cf-b608-cb34b5701ae5,Faster Pussy cat,44895,,0,0,Monster Ballads X-Mas,633681,0.542898743291,SOQMMHC12AB0180CB8,Silent Night,7032331,0,2003
1,22050,ed222d07c83bac7689d52753610a513a,0.0,156.55138,0.258,0.0,0,0,0,0,0,0,0,0,0,0,0,0,0,0,0,9,0.808,-10.555,1,0.355,148.66,150.778,1,0.0,TRMMMKD128F425225D,,113480,0.439603966677,0.356992107756,ARMVN3U1187FB3A1EB,,,,8d7ef530-a6fd-4f8f-b2e2-74aec765e0f9,Karkkiautomaatti,-1,,0,0,Karkuteillä,145266,0.299877488274,SOVFVAK12A8C1350D9,Tanssi vaan,1514808,0,1995
2,22050,96c7104889a128fef84fa469d60e380c,0.0,138.97098,0.0,0.0,0,0,0,0,0,0,0,0,0,0,0,0,0,0,0,7,0.418,-2.06,1,0.566,138.971,177.768,4,0.446,TRMMMRX128F93187D9,,63531,0.643680572058,0.437503836595,ARGEKB01187FB50750,55.8578,"Glasgow, Scotland",-4.24251,3d403d44-36ce-465c-ad43-ae877e65adc4,Hudson Mohawke,-1,,0,0,Butter,625706,0.617870969395,SOGTUKN12AB017F4F1,No One Could Ever,6945353,0,2006
3,22050,0f7da84b6b583e3846c7e022fb3a92a2,0.0,145.05751,0.0,0.0,0,0,0,0,0,0,0,0,0,0,0,0,0,0,0,7,0.125,-4.654,1,0.451,138.687,87.433,4,0.0,TRMMMCH128F425532C,,65051,0.448501159656,0.372349068517,ARNWYLR1187B9B2F9C,,,,12be7648-7094-495f-90e6-df4189d68615,Yerba Brava,34000,,0,0,De Culo,199368,,SOBNYVR12A8C13558C,Si Vos Querés,2168257,0,2003
4,22050,228dd6392ad8001b0281f533f34c72fd,0.0,514.29832,0.0,0.0,0,0,0,0,0,0,0,0,0,0,0,0,0,0,0,5,0.097,-7.806,0,0.29,506.717,140.035,4,0.315,TRMMMWA128F426B589,,158279,0.0,0.0,AREQDTE1269FB37231,,,,,Der Mystic,-1,,0,0,Rene Ablaze Presents Winter Sessions,209038,,SOHSBXH12A8C13B0DF,Tangle Of Aspens,2264873,0,0
5,22050,001717032b7105ee4de70f67bf7fba3e,0.0,816.53506,2.194,0.0,0,0,0,0,0,0,0,0,0,0,0,0,0,0,0,10,0.419,-21.42,1,0.581,811.799,90.689,4,0.158,TRMMMXN128F42936A5,,219281,0.361286979628,0.109625847059,AR2NS5Y1187FB5879D,,,,d087b377-bab7-46c4-bd12-15debebb5d61,David Montgomery,-1,,0,0,Berwald: Symphonies Nos. 1/2/3/4,299244,,SOZVAPQ12A8C13B63C,"Symphony No. 1 G minor ""Sinfonie Serieuse""/Allegro con energia",3360982,0,0
6,22050,eb4f5cb71ff1e50a279d1872929cf6b4,0.0,212.37506,0.0,0.0,0,0,0,0,0,0,0,0,0,0,0,0,0,0,0,3,0.611,-4.931,0,0.627,206.629,101.45,1,0.96,TRMMMLR128F1494097,,3736,0.692922730576,0.453731585999,ARO41T51187FB397AB,,"Mexico City, Mexico",,d2461c0a-5575-4425-a225-fce0180de3fd,Sasha / Turbulence,1396,,0,0,Strictly The Best Vol. 34,52968,,SOQVRHI12A6D4FB2D7,We Have Got Love,552626,0,0
7,22050,c5eaa27a919d3403cb12745056de0b21,0.0,221.20444,0.165,0.0,0,0,0,0,0,0,0,0,0,0,0,0,0,0,0,11,0.332,-12.214,0,0.35,212.12,98.02,4,0.982,TRMMMBB12903CB7D21,,49941,0.588156187675,0.401092425177,AR3Z9WY1187FB4CDC2,,,,bf61e8ff-7621-4655-8ebd-68210645c5e9,Kris Kross,9594,,0,0,Da Bomb,580432,,SOEYRFT12AB018936C,2 Da Beat Ch'yall,6435649,0,1993
8,22050,801588bb617e8dfb92df0465619f6a2c,0.0,139.17995,0.171,0.0,0,0,0,0,0,0,0,0,0,0,0,0,0,0,0,5,0.537,-10.705,1,0.523,130.479,115.427,1,0.324,TRMMMHY12903CB53F1,,15202,0.408465463469,0.285901196045,ARA04401187B991E6E,54.99241,"Londonderry, Northern Ireland",-7.31923,1a9bf859-1dc2-495b-9e7c-289be7731a9f,Joseph Locke,61524,,0,0,Danny Boy,756677,,SOPMIYT12A6D4F851E,Goodbye,8376489,0,0
9,22050,766c396dfd07dc2cc956603f8efcb7d0,0.0,104.48934,0.0,0.0,0,0,0,0,0,0,0,0,0,0,0,0,0,0,0,4,0.668,-20.16,0,0.48,104.489,124.339,4,1.0,TRMMMML128F4280EE9,,76721,0.41994127477,0.24913722954,ARCVMYS12454A51E6E,,,,,The Sun Harbor's Chorus-Documentary Recordings,50151,,0,0,March to cadence with the US marines,95069,,SOJCFMH12A8C13B0C2,Mama_ mama can't you see ?,1043208,0,0
10,22050,b2a5d78fda7fcc358a28124307c8d218,0.0,68.96281,0.363,0.0,0,0,0,0,0,0,0,0,0,0,0,0,0,0,0,2,0.05,-11.072,1,0.59,68.963,62.294,4,0.425,TRMMMNS128F93548E1,,483188,0.555013966104,0.352948913868,AR59BSJ1187FB4474F,,,,891fccfc-24c1-4bfd-bf49-c736e59e443f,3 Gars Su'l Sofa,-1,,0,0,Des cobras des tarentules,649271,,SOYGNWH12AB018191E,L'antarctique,7192392,0,2007
11,22050,f80961f31e87fd96496a6055af037f1f,0.0,168.22812,0.0,0.0,0,0,0,0,0,0,0,0,0,0,0,0,0,0,0,7,0.853,-10.418,1,0.656,165.413,87.319,3,0.953,TRMMMXJ12903CBF111,,182764,0.541389764483,0.369096249987,ARCVIFR1187B99129F,21.01841,"Guanajuato, Guanajuato, Mexico",-101.25912,ec57c22f-9bb7-48ab-aa85-dab108a71b53,Jorge Negrete,16768,,0,0,32 Grandes Éxitos  CD 2,714860,,SOLJTLX12AB01890ED,El hijo del pueblo,7928975,0,1997
12,22050,3510d0c3bac6ed15aaab6876be4317a3,0.0,301.60934,0.0,0.0,0,0,0,0,0,0,0,0,0,0,0,0,0,0,0,1,0.45,-4.882,1,0.52,291.405,85.34,5,0.581,TRMMMCJ128F930BFF8,,165382,0.622005388118,0.451578962861,ARVIT0V1187B9A7CDE,,,,2eb02f8c-8dfa-49dc-a224-11051ec45a42,Danny Diablo,-1,,0,0,International Hardcore Superstar,620618,0.392008771471,SOQQESG12A58A7AA28,Cold Beer feat. Prince Metropolitan,6893903,0,0
13,22050,873d1d86b520c89ae05492b8f577afdd,0.0,318.45832,0.502,0.0,0,0,0,0,0,0,0,0,0,0,0,0,0,0,0,10,0.764,-10.67,1,0.627,306.265,67.567,3,0.676,TRMMMBW128F4260CAE,,5823,0.621826485807,0.406984727155,AREMPER1187B9AEB42,,,,14efbb08-c3d8-404c-9ead-ad71fa586ee6,Tiger Lou,-1,,0,0,The Loyal,204414,0.463489662237,SOMPVQB12A8C1379BB,Pilots,2218694,0,2005
14,22050,34c290977bca33774d6a0c5ea5906fa9,0.0,273.18812,0.34,0.0,0,0,0,0,0,0,0,0,0,0,0,0,0,0,0,11,0.226,-15.559,0,0.35,259.738,111.007,4,0.693,TRMMMXI128F4285A3F,,107401,0.543689917453,0.373679185802,ARBAMQB1187FB3C650,,,,0bb5e108-b41d-46cd-969e-69d34d1acdfe,Waldemar Bastos,21683,,0,0,Afropea 3 - Telling Stories To The Sea,218915,0.449940204043,SOGPCJI12A8C13CCA0,N Gana,2387740,0,0
15,22050,01e0de50a9538be692285b6eb9ff6d50,0.0,262.26893,0.194,0.0,0,0,0,0,0,0,0,0,0,0,0,0,0,0,0,11,0.038,-3.925,1,0.337,259.419,122.332,4,0.905,TRMMMKI128F931D80D,,63158,0.529819134567,0.410228511159,ARSB5591187B99A848,57.42635,"Vetlanda, Sweden",15.08518,fba3e876-68f1-4a1f-99d9-c604480202ba,Lena Philipsson,-1,,0,0,Lena 20 År,543019,0.212045405484,SOSDCFG12AB0184647,006,6010886,0,1998
16,22050,c35b10dab705b836b5cd226c519da024,0.0,216.47628,2.032,0.0,0,0,0,0,0,0,0,0,0,0,0,0,0,0,0,6,0.564,-14.379,1,0.655,208.062,99.214,4,0.0,TRMMMUT128F42646E8,,2752,0.685502832087,0.44673296759,ARDW5AW1187FB55708,42.78668,"Vermillion, SD",-96.92803,42222090-c5e5-4243-8582-c29bc8b63ec6,Shawn Colvin,1431,,0,0,Cover Girl,282071,0.270775998946,SOBARPM12A8C133DFF,(Looking For) The Heart Of Saturday,3156269,0,1994
17,22050,b00607a10b602f31a85cbc482f3518ea,0.0,196.0224,0.0,0.0,0,0,0,0,0,0,0,0,0,0,0,0,0,0,0,8,0.195,-6.366,1,0.146,185.202,189.346,7,0.864,TRMMMQY128F92F0EA3,,8066,0.734471413543,0.511975832943,ARGWPP11187B9AEF43,38.8235,Maryland,-75.92381,f76167bb-c117-4022-8b6b-54c796edf5c9,Dying Fetus,51871,,0,0,Descend Into Depravity,610151,0.614765809281,SOKOVRQ12A8C142811,Ethos of Coercion,6782293,0,2009
18,22050,1f2a17fe378283b09c849a69977495ae,0.0,217.57342,0.514,0.0,0,0,0,0,0,0,0,0,0,0,0,0,0,0,0,3,0.77,-4.867,0,0.417,214.309,88.423,4,0.743,TRMMMTK128F424EF7C,,21191,0.738995906455,0.563366896149,ARDT9VH1187B999C0B,,South Carolina,,6b22de04-fb48-44aa-bd02-c1427f635477,Emery,10889,,0,0,I'm Only A Man (Bonus Track Version),143873,0.717319034427,SOIMMJJ12AF72AD643,Rock-N-Rule,1501464,0,2007
19,22050,ec54b9f465fee8deee5d87d9ab9f2c14,0.0,355.60444,0.0,0.0,0,0,0,0,0,0,0,0,0,0,0,0,0,0,0,2,0.55,-7.89,1,0.655,349.309,102.397,4,0.903,TRMMMHQ128F4278194,,68575,0.467144844943,0.409127079449,ARWFDED1187B9B9D71,,,,8ff7e1b4-18f8-48ec-a8a0-793ab1a5511c,Los Ronaldos,-1,,0,0,La bola extra,212920,,SOVMBTP12A8C13A8F6,La bola extra,2318206,0,0
20,22050,bbf1ef1bf188cf1a1f40b8fe3ceff77d,0.0,353.77587,0.351,0.0,0,0,0,0,0,0,0,0,0,0,0,0,0,0,0,1,0.216,-7.569,1,0.425,343.255,167.85,4,0.195,TRMMMQV12903CA201E,,101173,0.377190202702,0.290242069993,ARVF2AD1187FB47580,,,,fd711779-5524-4ed3-8d68-da0b867caa34,Rev. Timothy Wright,115336,,0,0,Let's Celebrate (He Is Risen),572568,0.290303598737,SOOUESZ12AB0189AFD,I Made It Over,6345139,0,0
21,22050,7ce886966daa60692d51636298de6dca,0.0,93.12608,0.098,0.0,0,0,0,0,0,0,0,0,0,0,0,0,0,0,0,10,0.323,-29.369,1,0.281,82.57,120.997,7,0.256,TRMMMMV128F14746A5,,6620,0.41373893722,0.383463207779,AR0GK7N1187B9AC56C,,,,bfc4370b-c0d9-46c7-825b-bf09f9b65264,Pierre-Laurent Aimard,14355,,0,0,Debussy : 12 Etudes_ Images Sets 1 & 2,34852,0.0,SOAGMGG12A6D4F9099,Debussy : 12 Etudes : VI Pour les huit doigts,373519,0,0
22,22050,fde22f436311094ffc90db0bd280ae1d,0.0,213.4722,0.142,0.0,0,0,0,0,0,0,0,0,0,0,0,0,0,0,0,10,0.577,-9.257,0,0.5,213.472,135.747,4,1.0,TRMMMPN128F426610E,,114787,0.593554248297,0.297175632718,AR66C9X1187B98F7EA,,"Glasgow, Scotland",,b9313805-5fe0-4f1b-9f5c-9e52565a5a3d,Nicolette,-1,,0,0,Let No One Live Rent Free In Your Head,146536,,SOGFWVT12A8C137C64,Nervous,2242562,0,1996
23,22050,247411db8aec707f66780498b1e72c0d,0.0,319.81669,7.146,0.0,0,0,0,0,0,0,0,0,0,0,0,0,0,0,0,7,0.256,-7.185,1,0.341,307.386,187.378,3,0.824,TRMMMNO128F93539AA,,4411,0.641197514984,0.44865347113,AR4TLW81187B99683D,,"Syracuse, NY",,0685ac4a-5cfc-408a-b391-903ea20e00bf,Martin Sexton,53504,,0,0,In The Journey,519740,,SOKLPMH12AB01861FA,In The Journey,5749967,0,2001
24,22050,029c2a9a59aaab756b0bbd8253f9eaa6,0.0,204.19873,0.207,0.0,0,0,0,0,0,0,0,0,0,0,0,0,0,0,0,10,0.435,-12.402,1,0.391,201.021,92.085,5,0.951,TRMMMTG128F426B5BB,,203740,0.559135107732,0.404593856077,ARDPJYJ11F4C83E24A,31.1689,Miami FL,-100.07715,,Craze,-1,,0,0,Crazeë Musick,249485,,SOEPAIN12A8C1396A7,Fuckin Ethic People (999),2851707,0,0
25,22050,a146d0e2b6cef21f46081e8f6ff23854,0.0,258.89914,0.0,0.0,0,0,0,0,0,0,0,0,0,0,0,0,0,0,0,1,0.688,-4.66,1,0.596,250.149,157.862,1,0.01,TRMMMPJ128F9306985,,61830,0.583716758983,0.396612571069,ARBE9HD1187FB40016,,,,8cc00e45-94c9-40e0-882b-0e76dd5b472b,Christian Castro,329,,0,0,Hoy Quiero Soñar,447219,0.244160429966,SOQMZZI12AB01850D4,Tu Vida Con La Mía,4970915,0,0
26,22050,c0d72e5811fb375593ce462059e90f80,0.0,253.70077,0.218,0.0,0,0,0,0,0,0,0,0,0,0,0,0,0,0,0,4,0.749,-3.278,1,0.602,253.701,67.06,4,0.235,TRMMMRZ128F4265EB4,,10173,0.853382869278,0.610431620431,AR12F2S1187FB56EEF,,"Boston, MA",,3d2b98e5-556f-4451-a3ff-c50ea18d57cb,Aerosmith,39,,0,0,Honkin' On Bobo,282499,,SOEEHEY12CF5F88FB4,I'm Ready,3162359,0,2004
27,22050,367db26137ee30ad7eee9b2e5b9a65ce,0.0,210.93832,0.247,0.0,0,0,0,0,0,0,0,0,0,0,0,0,0,0,0,1,0.446,-7.664,1,0.167,210.938,207.903,4,0.342,TRMMMKD12903CF219E,,52624,0.729867325353,0.417882034272,AREH0O41187FB4C405,,Oakland,,83e32d32-fee5-45de-a4b6-b49956a069eb,Skinlab,130846,,0,0,Nerve Damage,734700,0.224820030293,SOWUMAZ12A67ADE769,Take As Needed,8138503,0,2002
28,22050,0f781d4be4dc2987eb3fb9d1fa82dff2,0.0,180.55791,3.512,0.0,0,0,0,0,0,0,0,0,0,0,0,0,0,0,0,9,0.819,-16.44,0,0.747,175.119,132.156,4,0.558,TRMMMRR12903CF395D,,91211,0.430914126593,0.0,ARN5X9D1187B998A6D,,,,2f338a80-cae4-40e8-a0f7-9b5468479e3a,Mike Badger and Friends,-1,,0,0,Lo Fi_ Acoustic Excursions,689856,,SOJJAZT12AC4687219,Autumn In The Mind (Acoustic Version),7656579,0,0
29,22050,a692673dcef8a1759df6b9a300d63bcf,0.0,216.0322,0.357,0.0,0,0,0,0,0,0,0,0,0,0,0,0,0,0,0,8,0.052,-12.143,1,0.27,212.149,179.396,4,0.719,TRMMMJW12903CF239E,,267954,0.542921743934,0.4112408291,AR52DCD1187B992B5F,,Roma,,80d946ff-0567-4882-ad91-77c5d47448b8,Piotta,-1,,0,0,Tequila il mambo del giubileo (12 Inc),779471,,SOMLHJQ12AC4685B45,Tequila,8626743,0,0
30,22050,9dbf8dffb682d2f6ece1c61f3c56f6ef,0.0,236.042,0.0,0.0,0,0,0,0,0,0,0,0,0,0,0,0,0,0,0,1,0.427,-6.909,0,0.262,215.986,98.099,4,1.0,TRMMMWA128F1462C8C,,75877,0.501415339627,0.337593152829,ARPMCDB1187FB4B5D2,40.71455,New York,-74.00712,97989c9f-4efd-436a-b74e-c9914e9f3d06,Sev Statik,101815,,0,0,Speak Life,26385,,SOYNOIK12A6D4F7F3F,All For A Purpose (Speak Life Album Version),285211,0,0
31,22050,eadac2a56525f5626bad5f86a6271de6,0.0,466.99057,2.438,0.0,0,0,0,0,0,0,0,0,0,0,0,0,0,0,0,11,0.754,-7.8,0,0.509,453.178,140.022,4,0.0,TRMMMOT128F931A571,,29162,0.597051561408,0.353114024096,AR00P3M1187FB5428C,,,,b3a35974-4703-4423-92bf-a1b5ac6cac3b,The Advent,-1,,0,0,C On,626259,,SOPUJOM12AB017FEEB,C On,6952931,0,0
32,22050,204120d44d3990d16faa70b52f0e360c,0.0,212.06159,0.0,0.0,0,0,0,0,0,0,0,0,0,0,0,0,0,0,0,11,0.446,-7.69,0,0.563,198.972,120.703,4,0.701,TRMMMQN128F4238509,,31611,0.684808063021,0.485444750548,ARJ3CTF1187B9A1F2E,,,,4c8ead39-b9df-4c56-a27c-51bc049cfd48,Prince & The Revolution,-1,,0,0,The Hits/The B-Sides,133264,0.323112120895,SOGNNYL12A6D4F910B,Raspberry Beret (LP Version),1381741,0,0
33,22050,fcb00691ccfe4b0562d1b44e5ca3e180,0.0,372.4273,0.0,0.0,0,0,0,0,0,0,0,0,0,0,0,0,0,0,0,7,0.229,-6.663,1,0.396,355.062,191.665,3,0.665,TRMMMKQ128F92EBCB5,,10146,0.740252305663,0.472691458988,AR79L0D1187FB3AFB6,51.4518,Essen,7.01062,39822e8d-f24e-4f07-b51b-28b22e59fbdb,Kreator,213899,,0,0,Violent revolution,479022,0.788726822456,SOOLRHW12A8C142643,All of the same blood,5317548,0,2001
34,22050,defe679b4c3df2b3165653c5d3d74b35,0.0,92.73424,0.183,0.0,0,0,0,0,0,0,0,0,0,0,0,0,0,0,0,2,0.046,-8.408,1,0.407,88.114,148.577,4,0.527,TRMMMQK128F428AB1F,,85490,0.534742140848,0.299177305722,ARR4EXL1187B9A4E3C,39.73926,Illinois,-89.50409,84c3cdf1-7872-4360-81fa-e3511eafe1c8,Hall Of Fame,-1,,0,0,Hall Of Fame,220586,0.0,SOMKNZS12A8C13DEBC,One Little Too Little,2408454,0,1996
35,22050,24f4ceae5c224c8e1e6c755824a24327,0.0,155.19302,0.084,0.0,0,0,0,0,0,0,0,0,0,0,0,0,0,0,0,10,0.51,-13.588,1,0.586,146.332,67.118,5,0.228,TRMMMPU128F42B134D,,30249,0.446256666541,0.346357522243,AR0G47L1187B98CC6D,50.91552,"Battle, Sussex, England",0.48883,1ab5ec20-743e-4f11-9c37-237f190ae447,Frank Chacksfield,158461,,0,0,Classic Years,238993,0.460484844986,SOYKVON12A8C14097E,Cockleshell Heroes,3484384,0,2007
36,22050,045d79b78b9151d1f77354e4b56cf73d,0.0,95.34649,3.349,0.0,0,0,0,0,0,0,0,0,0,0,0,0,0,0,0,6,0.761,-13.174,1,0.592,95.346,118.772,4,0.0,TRMMMYP128F429A5E4,,131522,0.525483906128,0.314066506467,ARQJYSJ1187FB4CDF3,,,,6bf918da-7c90-4b96-9661-0f30bc4f15c8,Voyage,82273,,0,0,Voyage,172642,,SOEXAWC12AB01817E6,Trancesequence,1841489,0,0
37,22050,7cd7e2a43e70e163b12d3f57036d45e7,0.0,437.7073,0.154,0.0,0,0,0,0,0,0,0,0,0,0,0,0,0,0,0,11,0.546,-8.105,1,0.477,429.116,132.926,4,0.245,TRMMMKN12903CB44A5,,33,0.656700158051,0.476213225716,AR3TG9F1187B98E0D3,50.72805,"Devon, England",-3.71925,406f1b42-0c9e-4427-aeb7-02f78e188ec4,Wishbone Ash,9006,,0,0,TRANCE VISIONARY,799812,0.0,SOKQCDA12A6D4FA556,Wonderful Stash,8847762,0,1998
38,22050,d27fa00bd372985b594ae5a1bf946076,0.0,456.59383,0.073,0.0,0,0,0,0,0,0,0,0,0,0,0,0,0,0,0,7,0.176,-5.688,1,0.466,451.791,99.162,4,0.545,TRMMMUZ128F4238E64,,186843,0.433450646174,0.349260317093,AR2AP091187FB53FC3,,,,5871ab3e-f48b-46ba-b036-03f81e81d8ad,Malavoi,-1,,0,0,Le meilleur,241530,,SOFWVLR12A8C1328DC,La filo,2634064,0,0
39,22050,741bfbf4c874a3903c6efd815ac2b5dd,0.0,246.54322,0.258,0.0,0,0,0,0,0,0,0,0,0,0,0,0,0,0,0,4,0.777,-7.957,1,0.742,235.079,94.782,4,0.36,TRMMMTP128F4276193,,105045,0.562282347297,0.367738816864,ARPUVK01187B998FB1,,Ohio,,f9539ebb-1984-43df-ab84-b8f73e97d952,Cobra Verde,-1,,0,0,Easy Listening,250835,0.0,SOLRKBF12A8C13C88A,Throw It Away,2900722,0,2003
40,22050,c81e7887d0036b77ecd5fbbf2659c29a,0.0,141.87057,0.525,0.0,0,0,0,0,0,0,0,0,0,0,0,0,0,0,0,11,0.605,-7.572,1,0.625,141.871,158.802,4,0.0,TRMMMSA128F425FA38,,140359,0.386827768314,0.311882922075,ARYZAZX1187FB5BA03,49.10516,"Surrey, British Columbia, Canada",-122.83019,127c9dae-1aeb-43bc-a930-ecff36b01bc8,Lisa Brokop,78619,,0,0,Lisa Brokop,203899,,SOBDLRM12A8C13A0AC,Before He Kissed Me,2213839,0,0
41,22050,4d9e035448dad426036d9a8a859f30b9,0.0,276.1922,2.659,0.0,0,0,0,0,0,0,0,0,0,0,0,0,0,0,0,7,0.485,-13.729,0,0.577,262.165,168.762,4,0.0,TRMMMHS128F42A0971,,49943,0.638475883027,0.411904524979,ARCB9IH1187FB52D15,,,,6ff13427-08ff-4da2-bee8-892e1fa22d3c,The Emotions,5040,,0,0,Rejoice,302131,,SOMXBRA12AB017C656,Blessed,3415158,0,1977
42,22050,bb276bafb49149382fdefdde69e44578,0.0,424.17587,0.0,0.0,0,0,0,0,0,0,0,0,0,0,0,0,0,0,0,10,0.207,-6.781,0,0.439,417.733,144.993,4,0.414,TRMMMJI12903CC3E5C,,355904,0.540661826076,0.346936229,ARS1QBT1187B994054,,,,95a9e97a-01e8-4cfa-94af-715e6c28ca97,Safi Connection,-1,,0,0,B.P.M. - Bionic Pulse Method Vol. 3,762117,,SODJAOH12A58A77B23,Goa Amsterdam,8436593,0,0
43,22050,509b1febf2cd6afd2412084f78340ac6,0.0,181.81179,7.982,0.0,0,0,0,0,0,0,0,0,0,0,0,0,0,0,0,1,0.0,-6.844,0,0.559,176.385,119.919,4,1.0,TRMMMDJ128F92CC9F6,,19946,0.807168388956,0.502400537516,AR0H39F1187B9BA26D,39.75911,"Dayton, OH",-84.19444,194eeda1-e662-43bc-b9be-32fc1afecc8b,Hawthorne Heights,8082,,0,0,Fragile Future,316457,0.35897652644,SOCPTIN12A8C14265F,Disaster [Demo Version],3579270,0,2008
44,22050,a00b08a716331cdad53495b6169ee038,0.0,175.20281,0.177,0.0,0,0,0,0,0,0,0,0,0,0,0,0,0,0,0,9,0.533,-9.049,0,0.616,163.776,156.753,4,0.0,TRMMMBU128F9305AC3,,11109,0.606413782852,0.377602927868,ARAV0V51187B98F15B,,,,d35e1026-638b-4c92-b53e-43cfc0172e86,The Maytals,-1,,0,0,The Best Of,344923,,SODVOFJ12AB0181EE6,Night And Day,3863603,0,1994
45,22050,6ca17ec98e4a353b0f5996bd62fc604a,0.0,228.44036,0.073,0.0,0,0,0,0,0,0,0,0,0,0,0,0,0,0,0,5,0.746,-7.711,0,0.295,219.899,112.945,4,0.999,TRMMMFJ128F92E15AC,,43318,0.530647386145,0.38192120996,AROMGZS1187B9B1672,40.75,"Scafati, Italy",14.52689,21fe27b8-e059-47cc-9064-8bfff4bacba5,Neffa,1147,,0,0,Alla Fine Della Notte,383926,0.529468533345,SODDEQU12AAF3B2FC8,Passione,4261918,0,2007
46,22050,5cc8a519cb97f6d4b7d1e3bb2ec63db4,0.0,241.05751,0.0,0.0,0,0,0,0,0,0,0,0,0,0,0,0,0,0,0,6,0.432,-11.773,0,0.345,241.058,135.414,4,0.616,TRMMMNI12903CE0AF1,,138438,0.560634276122,0.348701878759,ARDD0UX1187B9A57F3,,Illinois,,8f1b6974-6529-4e27-8ba9-f2ef2aa7fbe3,Lil O,-1,,0,0,[Screwed] Tha Flood - Swishahouse Mix,728141,0.249065794854,SONYUEW12AB018B373,My Everything [Screwed] (feat. Trae The Truth),8067120,0,0
47,22050,79efbccb5a03aa12bd9a8f40b6313d7f,0.0,282.93179,4.807,0.0,0,0,0,0,0,0,0,0,0,0,0,0,0,0,0,10,0.828,-3.828,0,0.667,279.406,162.002,4,0.659,TRMMMFG128F425087B,,16926,0.82022155521,0.48510469657,AR4T2IF1187B9ADBB7,63.96027,"<a href=""http://billyidol.net"" onmousedown='UntrustedLink.bootstrap($(this), ""fc44f8f60d13ab68c56b3c6709c6d670"", event)' target=""_blank"" rel=""nofollow"">http://billyidol.net</a>",10.22442,47c8f88b-987a-4b64-9175-2b1b57809727,Billy Idol,204,,0,0,Devil's Playground,275293,0.735853158634,SOWWQXA12A81C1F9CA,Scream,3060170,0,2005
48,22050,2555fb5f4638ff71c1deb102378c4f7f,0.0,168.04526,0.0,0.0,0,0,0,0,0,0,0,0,0,0,0,0,0,0,0,0,0.038,-8.818,1,0.357,156.032,86.363,3,0.853,TRMMMBM128F933EDF7,,293448,0.459762351913,0.369359659405,AR2AL111187B9B3C31,,,,e503a567-44ed-485b-994e-cc084fcc56e4,The Vichy Government,-1,,0,0,The Man Delusion,468840,0.288481642656,SONNHYN12AB018538B,The Man Delusion,5213864,0,0
49,22050,6c73385a0b0e835cd48e970f4bfb46f3,0.0,240.87465,3.582,0.0,0,0,0,0,0,0,0,0,0,0,0,0,0,0,0,4,0.482,-7.581,0,0.394,240.875,141.562,4,0.666,TRMMMLV128F14821BE,,10559,0.431030787168,0.333858124563,AROPC1B1187FB567E3,,,,6dc557f0-3d47-446d-bb6d-df2ba2405ef7,Out Of The Grey,54572,,0,0,The Early Years,41971,0.0,SOCWWYB12A6D4F9AF4,He Is Not Silent (Out Of The Grey Album Version),446251,0,0
50,22050,b418522d0cee857b37977695c054d279,0.0,209.50159,3.529,0.0,0,0,0,0,0,0,0,0,0,0,0,0,0,0,0,4,0.493,-7.576,0,0.386,203.122,98.814,1,0.081,TRMMMDN12903CD37AD,,565308,0.209238497129,0.116490434375,ARCIVXI127BF5F1610,,,,,Orquesta Sonara La Habana,213589,,0,0,Salsa Cubana Vol.6,767723,,SOIRTNX12AB018B41D,Pepe El Mañoso,8500495,0,0
51,22050,175c2bc1ee41beecd6a5d3492b73b65d,0.0,152.68526,0.473,0.0,0,0,0,0,0,0,0,0,0,0,0,0,0,0,0,5,0.453,-13.675,1,0.346,146.727,89.747,4,0.122,TRMMMLF128F4228771,,134035,0.408627746291,0.300107240409,AREWP0C1187B9B7B58,,,,2b5c26ec-1442-4026-bf8b-e7fb5bc6624a,Leo Marini,54400,,0,0,Éxitos Del Romántico De Siempre,233533,0.430160637018,SOLGCKQ12A8AE47CFA,Acércate Más,2561978,0,0
52,22050,d3276c4dd74b0deb80727601cb6a7355,0.0,137.50812,0.0,0.0,0,0,0,0,0,0,0,0,0,0,0,0,0,0,0,6,0.887,-11.214,0,0.714,134.362,89.839,4,0.989,TRMMMXD128F932AD86,,32384,0.467742290909,0.375614375269,ARO5ZS41187FB5C40D,35.21553,"Erick, OK",-99.86665,42b26772-c5a8-4af5-9fbb-d63593a48a29,Sheb Wooley,-1,,0,0,Country & Western,548439,0.0,SOZOAEF12AB017F0A9,Mule Boogie,6065990,0,1993
53,22050,323129b782583c0588e7375b576a3f4d,0.0,349.98812,0.357,0.0,0,0,0,0,0,0,0,0,0,0,0,0,0,0,0,0,0.437,-15.698,1,0.347,331.372,109.398,4,0.0,TRMMMQA128F14A454A,,13832,0.747939215284,0.561394074956,ARCXKY91187B9ACA99,,"Nanaimo, Canada",,67d2cb7a-9ddb-4a7f-82bf-5a2d1a038e98,Diana Krall,4071,,0,0,The Look Of Love,60300,0.61625121853,SOHMYGC12A6D4FAC4B,Dancing In The Dark,624976,0,2001
54,22050,f1954b3379db79a11f9f46f0751b239a,0.0,201.1424,0.0,0.0,0,0,0,0,0,0,0,0,0,0,0,0,0,0,0,7,0.896,-11.477,1,0.852,197.364,114.493,4,0.6,TRMMMGL128F92FD6AB,,16371,0.450149395295,0.347994069006,ARMTBVR1187B99A24A,,,,f7f182b1-9659-4086-b9f2-837649c4d43a,Clifford T. Ward,-1,,0,0,Change of Heart,614712,,SOHSSPG12A8C144BE0,Mad About You,6833759,0,2003
55,22050,f9a7ff2c0433d8323ee187f0455ddd42,0.0,130.0371,2.763,0.0,0,0,0,0,0,0,0,0,0,0,0,0,0,0,0,4,0.0,-8.014,1,0.216,123.878,181.257,1,0.0,TRMMMJM128F42648D0,,54504,0.5557649996,0.376514231215,ARXZIHJ1187B9A4ED9,41.94508,"Attleboro, MA",-71.28109,b84dfb67-c437-4ccc-b512-1073fd4612eb,Ray Conniff;Billy Butterfield,8531,,0,0,Just Kiddin' Around,282841,,SOCBSOR12A8C1314DD,Heartaches,3156757,0,0
56,22050,9ff89823dd0884978298feb1f6c3c8d8,0.0,113.37098,0.0,0.0,0,0,0,0,0,0,0,0,0,0,0,0,0,0,0,9,0.43,-4.715,0,0.426,113.371,121.931,3,0.724,TRMMMHB128F92F0E3C,,453897,0.563502958183,0.438399455431,ARNIZZT1241B9CE19E,,,,f2ddd6e8-ef48-4d65-8940-a755491a5fde,Weekend Nachos,-1,,0,0,Unforgivable,610144,0.594765312258,SOOKLXI12A8C142FB0,Pain Over Acceptance,6782190,0,0
57,22050,99fc682515b03759157d4825596679dc,0.0,224.46975,0.142,0.0,0,0,0,0,0,0,0,0,0,0,0,0,0,0,0,8,0.762,-8.835,1,0.744,212.085,118.028,4,0.998,TRMMWMW12903CC6062,,61182,0.62107622967,0.484825338629,ARZNFNV1187FB3DA62,36.15398,"Tulsa, OK",-95.99277,98b31574-fa4c-4cf1-bf32-681f7df45fe3,Joe Diffie,2991,,0,0,The Ultimate Hits,585650,,SOYMTVV12A58A7C2D6,Ships That Don't Come In,6495091,0,1992
58,22050,fc3d4756952b3b8b810e82c02bddba96,0.0,232.82893,0.142,0.0,0,0,0,0,0,0,0,0,0,0,0,0,0,0,0,2,0.668,-9.313,1,0.63,221.466,95.853,4,0.214,TRMMWDA128F9343B5B,,23817,0.604296587266,0.437987748288,ARKE7ZQ1187FB504BB,,"Jacksonville, FL",,d6d0b51f-1b65-4643-a679-cf4d0c0f3915,Blackfoot,41092,,0,0,Rick Medlocke & Blackfoot,513241,,SODQHXQ12AB0189AE0,Saturday Night  (LP Version),5683011,0,0
59,22050,7e99bdf74746e29da7432ea181126153,0.0,200.09751,3.059,0.0,0,0,0,0,0,0,0,0,0,0,0,0,0,0,0,10,0.882,-8.521,1,0.799,191.187,75.507,4,0.235,TRMMWMT128F9320CFD,,308227,0.59541445909,0.417098859814,ARL62M311C8A4213F2,,,,7700b801-de15-4c91-a641-387839e371e2,Katie Armiger,-1,,0,0,My Christmas,500094,0.0,SOFSJXP12AB017E676,I Just Want To Be With You This Christmas,5538894,0,0
60,22050,a99a7287bf47d96a6de7a09966538a8e,0.0,250.98404,0.165,0.0,0,0,0,0,0,0,0,0,0,0,0,0,0,0,0,5,0.322,-4.264,1,0.539,238.039,135.598,4,1.0,TRMMWDL128F9300D5D,,415645,0.619206537657,0.14468466091,AR9HLK81187B9AB1C3,42.88544,"Buffalo, NY",-78.87846,996e9b51-4fbf-44a8-97d6-290cd404c5fd,Stemm,-1,,0,0,Songs for the Incurable Heart,616041,0.473346541109,SOHGZWM12AAA8C86EA,On the Surface,6847850,0,2005
61,22050,00b0b509a74ae70b24206d657345dc74,0.0,244.40118,2.183,0.0,0,0,0,0,0,0,0,0,0,0,0,0,0,0,0,8,0.22,-9.759,1,0.428,230.986,101.028,3,1.0,TRMMWJS12903CBB7F5,,10173,0.87253659867,0.610731462904,AR12F2S1187FB56EEF,,"Boston, MA",,3d2b98e5-556f-4451-a3ff-c50ea18d57cb,Aerosmith,39,,0,0,Night In The Ruts,581758,,SOLBDWO12AB0188CC2,Remember (Walking In The Sand),6450950,0,1979
62,22050,c451e0895a89c814ae1b9a8542b68eaa,0.0,194.29832,0.879,0.0,0,0,0,0,0,0,0,0,0,0,0,0,0,0,0,10,0.562,-20.896,0,0.482,185.539,121.421,7,1.0,TRMMWOM12903CB21B8,,2782,0.427009595772,0.28974076939,AR16FF01187B98E24E,32.77815,"Dallas, TX",-96.7954,10e5004d-c636-4f6f-8cf6-deefe007764e,Hot Lips Page,21242,,0,0,Singin' The Blues,577469,0.288481642656,SOUHTYT12AB0189D1C,Just Another Woman,6411760,0,0
63,22050,9ef354ec53fc8dcf84e2b397b6f09b95,0.0,12.2771,0.38,0.0,0,0,0,0,0,0,0,0,0,0,0,0,0,0,0,10,0.0,-14.337,0,0.0,12.277,0.0,1,0.0,TRMMWYF128F42557B7,,149694,0.458147934464,0.324318779593,ARLVDM31187B98C2BB,,,,e7319465-1bed-432b-a540-cb16c264f214,David Fridlund,-1,,0,0,Amaterasu,198774,,SOVUFFC12AC9E16242,untitled,2169433,0,2004
64,22050,1c04cde3650de93f1eabc06b1214bd3d,0.0,152.24118,0.084,0.0,0,0,0,0,0,0,0,0,0,0,0,0,0,0,0,2,0.966,-6.768,1,0.99,152.241,128.175,1,0.0,TRMMWZE12903D0EB43,,436915,0.548457981763,0.401557596973,AR72PJV1187B9A72CE,,,,9ed7f525-dcc3-46bb-911f-3fd22b28c519,Kultiration,-1,,0,0,Om Gaia,700140,,SOEBDKM12AC4686D3A,Bakslag,7767984,0,2004
65,22050,bdad4f8d5332e2939a20c61971114a24,0.0,300.72118,0.0,0.0,0,0,0,0,0,0,0,0,0,0,0,0,0,0,0,5,0.448,-5.036,1,0.525,287.347,119.997,4,1.0,TRMMWVS12903CDD6FB,,387386,0.483697664328,0.377215543357,AR76EV61187FB541DD,,,,44768ab3-fedf-4305-9b2a-cf98c97c8d44,Ewigkeit,160600,,0,0,Radio Ixtlan,681724,,SOPJNRJ12A8C1461C4,The New Way,7565788,0,2004
66,22050,e8568b40aa138c31f6fc7eca3f04504d,0.0,162.14159,0.084,0.0,0,0,0,0,0,0,0,0,0,0,0,0,0,0,0,11,0.111,-12.391,0,0.509,154.662,99.968,4,1.0,TRMMWRC128F93647F7,,125282,0.679035298865,0.398981469164,ARNFVG61187FB3EB6C,,California,,804adff4-9f7b-49d9-9585-6c73fb33e5aa,JOHN DOE,12618,,0,0,In My Own Cage,655002,0.0,SOUVPJZ12AB018218C,Suffer,7257771,0,0
67,22050,918f94a89fd2873ba82c0857f1f5779e,0.0,350.56281,0.065,0.0,0,0,0,0,0,0,0,0,0,0,0,0,0,0,0,1,0.415,-7.05,1,0.437,329.787,97.203,4,0.763,TRMMWCK128F92D4800,,164995,0.504153937599,0.439398895954,ARQGYAE11F4C846DF6,,,,cef8066e-75dd-41b4-8e29-59c1a7e007dc,Alpha 5.20,-1,,0,0,Rakailles 4,321358,,SONUZSW12AAA15EA65,Cités dortoires (feat. 59 Grammes),3619613,0,0
68,22050,b29ac7cd29f942cddcec42c382eae792,0.0,194.5073,0.218,0.0,0,0,0,0,0,0,0,0,0,0,0,0,0,0,0,1,0.72,-4.668,1,0.543,191.292,140.025,5,1.0,TRMMWLD128F9301BF2,,8271,0.609754379091,0.408470586106,ARE592P1187B99F3A7,,,,3e9c5302-782c-4bd9-99f0-76ed93c38f3a,Tonex,8002,,0,0,Unspoken,397813,0.334706549069,SOGBBEE12AB017ED6A,Bring It,4422553,0,0
69,22050,1377db94ba4d002bd9253dfa57dae8e2,0.0,200.6722,0.0,0.0,0,0,0,0,0,0,0,0,0,0,0,0,0,0,0,4,0.689,-6.873,1,0.669,195.698,154.004,4,0.978,TRMMWKH128F4280BCD,,227254,0.629282127129,0.439823122568,ARZG7JE11C8A422B60,,,,abe48bc0-d3fa-49ed-84ee-ed30df8bf16a,Chasen,69630,,0,0,Shine Through The Stars,292757,,SOPBCNI12AF729FE49,You And I,3283071,0,2008
70,22050,3cfe5ae81561d1525e9209eafe3f7cee,0.0,315.32363,0.258,0.0,0,0,0,0,0,0,0,0,0,0,0,0,0,0,0,2,0.514,-9.382,1,0.456,304.448,191.869,3,0.445,TRMMWBU128F930B7CF,,396809,0.423487552992,0.336316188937,AR6WOPD1187B98D9BB,34.05349,California - LA,-118.24532,af762387-4e82-4bf4-840c-4987cfa674c9,Finis Tasby,-1,,0,0,What My Blues Are All About,536619,,SOYKRSW12AB018078B,Sitting In My Window (Finis Tasby BMI),5935766,0,0
71,22050,975e60cd68b44d005fbe8e5728c68d9e,0.0,531.17342,2.177,0.0,0,0,0,0,0,0,0,0,0,0,0,0,0,0,0,11,0.235,-11.258,0,0.098,527.552,126.017,4,0.907,TRMMWCD128F9343198,,478504,0.496375093595,0.400220682363,AREPABD12420780ABB,,,,139ff1fb-ec28-4142-916d-5f2813992cdd,Ogris Debris,-1,,0,0,Black Label #57,642136,0.304169503435,SORASFZ12AB01828C7,Raid The Itch,7120778,0,0
72,22050,5128e040d5a77fc73accdac1c9c2279f,0.0,279.30077,0.0,0.0,0,0,0,0,0,0,0,0,0,0,0,0,0,0,0,7,0.939,-6.772,1,0.659,271.029,125.737,4,0.193,TRMMWNY12903CF28D2,,4075,0.691744457552,0.471398997844,ARUQFUJ1187FB42AEC,41.88415,"Chicago, IL",-87.63241,970fb29f-e288-403e-a388-d2a7889bfa47,Warren Zevon,10751,,0,0,The Wind,689584,0.504034340805,SOVOIOQ12AC4688FAC,The Rest of the Night,7652341,0,2003
73,22050,e2db9af8d841ccc8bba179b50f8a5788,0.0,241.78893,0.194,0.0,0,0,0,0,0,0,0,0,0,0,0,0,0,0,0,0,1.0,-9.089,1,0.905,238.788,91.974,4,0.13,TRMMWMT128F9345B1B,,348957,0.179311748211,0.0,ARJ8JOU1187B9A572F,49.38426,CANADA - Ontario,-84.75627,cd43b5c2-1205-4aa8-910e-99ba9b2ac2a0,Andrea Klas,-1,,0,0,Orion,471585,0.0,SOXAGQZ12AB018A089,Ride,5241883,0,0
74,22050,6bbd4d7431f1c623c564a47a7d3fe4d7,0.0,322.71628,0.212,0.0,0,0,0,0,0,0,0,0,0,0,0,0,0,0,0,9,0.766,-7.889,1,0.338,319.083,89.982,4,0.167,TRMMWNB12903C9A959,,32403,0.549336519471,0.40069053808,ARR9LD61187B990883,55.8578,"Glasgow, Scotland",-4.24251,5c42c9cf-5833-41d8-b600-177e70894046,The Soup Dragons,-1,,0,0,This Is Our Art,569813,,SOLFMLX12AB0186EB5,Passion Protein,6313869,0,1988
75,22050,9a66fd9ea82e792b057ba25cc83a9617,0.0,192.49587,0.0,0.0,0,0,0,0,0,0,0,0,0,0,0,0,0,0,0,8,0.462,-4.871,1,0.574,187.977,213.979,4,1.0,TRMMWQF12903CC0CAC,,579026,0.651981428735,0.441646964055,ARFKWCR1269FCD4C75,,,,d5d47951-4292-42e7-b8f0-14d9d9cc7f0f,Write This Down,218485,,0,0,Write This Down,805061,0.587312037589,SOSNKHA12AB0185BD6,Redemption,8899051,0,2010
76,22050,3e1724d83e189b855f275fe52103219c,0.0,279.84934,0.293,0.0,0,0,0,0,0,0,0,0,0,0,0,0,0,0,0,6,0.765,-11.818,1,0.638,273.966,120.013,4,0.272,TRMMWVB128F9312434,,173090,0.420604908151,0.300935960284,ARIBQTP1187B98C602,,,,b5408434-c2ad-4edd-9b9f-dd68aeabee07,Radio Macandé,123255,,0,0,Radio Macandé,271545,0.0,SOLOUIH12AB018146C,Dame Tus  Besos,5963809,0,0
77,22050,61040c000baa1e9156b876b44d5c7b64,0.0,225.95873,0.299,0.0,0,0,0,0,0,0,0,0,0,0,0,0,0,0,0,2,0.172,-8.988,1,0.26,219.283,125.492,4,0.0,TRMMWTJ128F9342FE6,,168703,0.515847654169,0.353124990046,ARCP8YG1187B997D72,52.88356,UK - England - South East,-1.97406,e3f40d48-8f70-4654-9bdf-4a4ce1c95642,Claire Hamill,-1,,0,0,Touchpaper,557522,,SOKWWCO12AB0187D70,Don't Prolong the Agony (Bonus Track),6165619,0,0
78,22050,1fff2f64db27c71050166e9c7e81fbd6,0.0,253.23057,0.073,0.0,0,0,0,0,0,0,0,0,0,0,0,0,0,0,0,2,0.643,-5.943,1,0.137,247.391,191.927,4,0.082,TRMMWVS12903CD1D03,,9140,0.423738177176,0.0,ARMORI81187FB5B1AD,,,,50eaf061-e265-434a-937f-09289270d08a,Kruiz,-1,,0,0,Kruiz-1,811431,,SODXEOD12AB018EC03,Dalny svet (bonus 2003),8969250,0,0
79,22050,93b56f0b2a33f3602be00611ac9587bf,0.0,180.13995,0.324,0.0,0,0,0,0,0,0,0,0,0,0,0,0,0,0,0,2,0.297,-21.25,0,0.363,175.148,123.172,4,0.204,TRMMWIH12903CF90F8,,3648,0.415287181859,0.319074623895,ARV5O111187B9A3F3A,47.61002,Bellevue Washington USA,-122.18755,da1faeaa-82c8-4072-b40f-0f7f2e1efe76,Carl Davis,16333,,0,0,DAVIS_ C.: Alice in Wonderland [Ballet] (Prague City Philharmonic_ Davis),737170,,SONHPZT12AC90970C3,Alice in Wonderland: Act I: The Caucus Race,8167012,0,0
80,22050,6110a3f4d515f540d3b5ce835bc78916,0.0,195.10812,0.349,0.0,0,0,0,0,0,0,0,0,0,0,0,0,0,0,0,5,0.449,-4.585,0,0.568,189.742,164.452,1,0.201,TRMMWNW128F931511B,,17037,0.605815297054,0.470577118197,AR5SHMY1187FB3D71A,,,,3e356f2a-3501-4e68-8eff-f77d582c066a,Brigitte Fontaine,65610,,0,0,Dévaste-Moi,624358,0.246865094453,SOHQYYJ12AB0183B6D,Le mauvais coton,6931310,0,1990
81,22050,025884b4152614dc4f85b9387bcd52e0,0.0,241.162,1.146,0.0,0,0,0,0,0,0,0,0,0,0,0,0,0,0,0,8,0.793,-20.523,1,0.577,224.049,166.401,4,0.83,TRMMWWF12903CAD485,,141602,0.504424856033,0.304310732964,AR3EVEE1187B9994B7,18.11526,Jamaica,-77.27348,f564b042-1bec-4990-b730-151a0a8fd59a,Abijah,-1,,0,0,Fatis Presents Abijah,664392,,SOIOKZN12AB01857C2,Love Can Change feat. Nadine Sutherland,7367180,0,0
82,22050,ff8e27808647c8346c9a74a6783232ff,0.0,480.05179,3.959,0.0,0,0,0,0,0,0,0,0,0,0,0,0,0,0,0,3,0.806,-19.469,0,0.658,477.147,125.159,4,0.848,TRMMWFG128F92DFAA2,,22934,0.497529830916,0.391801480322,ARXWUOT120AB95E347,61.49781,Tampere,23.76226,e15f60f3-32c7-46eb-a7a7-43026b7b5fcb,Hex,-1,,0,0,Tone Tales From Tomorrow,430813,,SOMPUGR12A8C146F57,Subtek,4807533,0,0
83,22050,217b75ac20f2497701891526081ea681,0.0,218.53995,0.171,0.0,0,0,0,0,0,0,0,0,0,0,0,0,0,0,0,4,0.86,-5.164,0,0.647,210.889,82.009,3,0.519,TRMMWPD128F4247095,,31711,0.586126239415,0.416823978537,AR9TMXT1187B99AEDC,51.16418,GERMANY,10.45415,b13f113c-22f1-4b16-9719-69200dc58e00,X-Perience,-1,,0,0,Lost In Paradise,271240,,SODMDUM12A6D4FCEE4,Dream Of Love,3017571,0,2006
84,22050,4ebfeb7567f421a4a32a982640227066,0.0,394.23955,0.0,0.0,0,0,0,0,0,0,0,0,0,0,0,0,0,0,0,0,0.118,-7.122,1,0.267,379.629,168.837,3,0.671,TRMMWQU12903CF447F,,182216,0.700119954066,0.534383741792,AR73P6T1187B994881,62.19845,SWEDEN,17.55142,af723a8a-d3db-46c2-82a3-201dde8fa27f,Diablo Swing Orchestra,-1,,0,0,Sing-Along Songs for the Damned and Delirious,602123,0.730161384887,SONVYNC12AB0184ECC,Lucy Fears the Morning Star,6685307,0,2009
85,22050,3d9040368190cdf14261668df4d39870,0.0,215.09179,0.298,0.0,0,0,0,0,0,0,0,0,0,0,0,0,0,0,0,2,0.427,-26.023,1,0.482,192.592,132.37,1,0.0,TRMMWTW128F42783DD,,2981,0.705287678078,0.517298018026,AR039B11187B9B30D0,,"NEW YORK, New York",,fb9719bf-c477-4223-b319-986eb4168a91,John Williams,5226,,0,0,English Guitar Music,289345,,SOPHQEL12A8C1357CC,Fool on the Hill,3247895,0,0
86,22050,57e521cfd7b0a0f0adf5411ee61426b4,0.0,356.51873,0.067,0.0,0,0,0,0,0,0,0,0,0,0,0,0,0,0,0,6,0.058,-4.634,1,0.446,344.335,82.17,4,0.0,TRMMWXK12903CDED07,,185422,0.664265988675,0.427148606951,ARHC7VF1187FB59B98,43.64856,"Toronto, Ontario, Canada",-79.38533,19202b40-eb93-48a0-b6fc-fce9568182aa,Fucked Up,203496,,0,0,Hidden World,682269,0.660560037355,SOLQULR12AB018D726,Baiting the Public,7571439,0,2006
87,22050,bd26e39fbda47524d2cf02efb7bdc133,0.0,258.53342,0.0,0.0,0,0,0,0,0,0,0,0,0,0,0,0,0,0,0,7,0.588,-13.031,1,0.644,249.382,131.061,4,0.777,TRMMWHH128EF34A6C9,,56387,0.464807726204,0.367066705547,AR0XJ291187FB45855,39.75911,"Dayton, Ohio",-84.19444,c118502c-e6ce-40a7-b4e1-1a1a5bb3fb19,Drexel,55654,,0,0,TheBloodyTransylvaniaStreetMachine,71767,,SOKXBTF12A6BD4F3AD,Death Acceptor,753098,0,0
88,22050,0f5c4cb1df867af41e473d067e1d7d1f,0.0,154.85342,0.0,0.0,0,0,0,0,0,0,0,0,0,0,0,0,0,0,0,9,0.594,-9.336,0,0.414,145.479,150.887,4,0.853,TRMMWHJ128F42869B2,,18580,0.590994223819,0.475026044388,AR3UY051187B9A922A,34.13602,"Glendora, CA",-117.86483,ea9889a3-539d-4549-bff3-cb721b989aa2,The Surfaris,-1,,0,0,100 Years of Surfing,219226,,SOPFHPD12A8C1407F6,Wipeout,2391680,0,1988
89,22050,dcd5eb33881953e6aaa81ba3edd49dee,0.0,11.75465,0.0,0.0,0,0,0,0,0,0,0,0,0,0,0,0,0,0,0,8,0.195,-7.598,1,0.466,11.755,47.649,1,0.0,TRMMWAO128F93182D2,,3737,0.603382767951,0.449423634694,AR2P71H1187B9B8C00,,DE,,2e0d05e0-d147-46e6-be51-8ffed2a9e0da,Kool Savas,2308,,0,0,Die besten Tage sind gezählt,407754,,SOORUNH12AB0182395,Fick uns,4536351,0,0
90,22050,c84f76bee9b617f1bcc40a0c9b843be5,0.0,298.05669,2.09,0.0,0,0,0,0,0,0,0,0,0,0,0,0,0,0,0,1,0.624,-4.186,1,0.725,298.057,93.052,4,0.293,TRMMWVG12903CBF769,,467711,0.480254177975,0.413624753645,ARLQPCR12086C1188A,,,,be9c8fc0-0dfd-45eb-a4dd-fec3ba8a8499,Prinz Porno,-1,,0,0,Blackbooked No. 2 - Jung_ schön und stylish,715013,0.212045405484,SOAOSWS12AB0189131,Wir Sind Die Jungs feat. Din & Smexer,7930599,0,0
91,22050,fe4fa4d807a030f7a25eeff25b0e2196,0.0,291.68281,0.0,0.0,0,0,0,0,0,0,0,0,0,0,0,0,0,0,0,1,0.267,-5.51,1,0.324,283.678,163.931,4,0.613,TRMMWBR128F930E399,,333413,0.531735682508,0.304220653556,ARDBUTG1187FB5531E,,,,dc18ce1a-a4b6-4844-a5cb-ece11b7e9ee7,Lord T & Eloise,-1,,0,0,Aristocrunk,450928,,SOYTTYG12AB017F85E,Make Dat Monet,5008004,0,0
92,22050,6b35d81e2ce11c5152bd7754b8a0eba3,0.0,329.40363,6.269,0.0,0,0,0,0,0,0,0,0,0,0,0,0,0,0,0,4,0.53,-8.135,0,0.438,299.148,144.005,4,0.432,TRMMWWE12903D067F2,,16715,0.613547419192,0.410691583747,AR8AJC81187B9AE2F5,40.99471,Pennsylvania,-77.60454,a9859125-d2c2-498e-a20b-b98dff2957a4,Kingdom Come,-1,,0,0,Ain't Crying for the Moon,787050,0.3759843015,SOUIUYF12AC3DF998F,Two Legged Sheep,8709880,0,2006
93,22050,5f3e96013bf4cd1bceaf582bdca6e052,0.0,259.99628,0.0,0.0,0,0,0,0,0,0,0,0,0,0,0,0,0,0,0,0,0.471,-5.652,0,0.562,255.623,93.384,4,0.784,TRMMWAO128F42A53EB,,8171,0.641150864963,0.486167858183,AR4T2NV1187B997CF3,,,,d61ab6ed-81e4-48fa-9c7b-f952f08ac929,Gemelli Diversi,665,,0,0,4 x 4,303644,0.481694146614,SOJGKAD12A58A7D1FF,Chi Sei Adesso,3435240,0,2009
94,22050,a590102e7ff64842f771cb9422e4cec5,0.0,168.33261,0.177,0.0,0,0,0,0,0,0,0,0,0,0,0,0,0,0,0,5,0.238,-3.438,0,0.327,163.654,141.063,4,0.168,TRMMWCX128F92EF4C8,,356687,0.645128004394,0.461116412395,ARYNKUB1187B995EDE,,,,6a5f768c-db43-461a-8e58-658084ebe84d,Alice In Videoland,-1,,0,0,Outrageous,609684,0.568588922374,SOCKLYJ12A8C14017E,Stuck On My Vision,6775669,0,2005
95,22050,d61b40372fb4893535d94551aaf57b50,0.0,200.28036,0.0,0.0,0,0,0,0,0,0,0,0,0,0,0,0,0,0,0,2,0.355,-7.405,0,0.269,188.418,97.077,4,0.465,TRMMWSE128F93041C5,,144698,0.276202321321,0.394105271937,AR2UHZT1187FB5033D,,,,44be840b-bc58-4f43-8321-2675b4d72b2a,Kristian Meurman,32879,,0,0,Galaksi,488274,,SOMOSWT12AB017CD5A,Joku muu,5421069,0,2009
96,22050,80c83e0af75d5737e5407dae326a5963,0.0,179.59138,3.75,0.0,0,0,0,0,0,0,0,0,0,0,0,0,0,0,0,5,0.794,-8.754,0,0.682,165.523,168.024,4,0.703,TRMMWJP12903CD8807,,25681,0.685804311066,0.447921543757,ARWC7G01187B9A9CC5,34.05349,California - LA,-118.24532,f6cfa4fb-5f91-4a90-a1c5-bb083cead82c,Felt,-1,,0,0,Felt 3: A Tribute To Rosie Perez [Instrumentals & Acapellas],769401,0.253834736132,SOUKOKB12AB018A808,Whaleface (Instrumental),8521087,0,0
97,22050,e4a07b777de5a437c965a7bf483176cc,0.0,251.50649,0.0,0.0,0,0,0,0,0,0,0,0,0,0,0,0,0,0,0,2,0.002,-10.792,1,0.275,249.139,86.2,4,0.479,TRMMWJD12903CC0F05,,482712,0.422661642868,0.253834553554,ARLQFGK1187B98DC2B,,,,b793d363-8d0b-4f11-a798-fa545ed98eb1,Gangster Fun,-1,,0,0,Time Flies When You're Gangster Fun,715502,,SOJLGRD12AB018724F,Brown Paper Bag,7936644,0,1992
98,22050,5ee660e5037e0011d2a68726f1db88df,0.0,194.53342,0.34,0.0,0,0,0,0,0,0,0,0,0,0,0,0,0,0,0,0,0.758,-14.914,1,0.667,189.492,71.513,1,0.0,TRMMWTG128F4283F07,,3234,0.586746110888,0.433199068755,ARVP8NN1187FB3C1D3,,"Nairobi, Kenya",,80d07b5b-35b1-4d58-a72e-49ac98cba13f,Roger Whittaker,15306,,0,0,Wind Beneath My Wings,293550,0.0,SOZTLAR12A8C1368A9,You Needed Me,3296492,0,1994
99,22050,b14b6a5056e476d7697dc3c15b195855,0.0,225.35791,0.171,0.0,0,0,0,0,0,0,0,0,0,0,0,0,0,0,0,7,0.691,-5.232,1,0.446,221.269,120.115,4,0.666,TRMMWXW128F422976E,,165299,0.533277968682,0.368353280457,AR4CFD51187B9B0FA9,,,,b9f60d4b-f335-48af-9d06-b6344adaffc5,A.Human,-1,,0,0,Third Hand Prophecy,233897,,SOIOAQZ12A8AE472A2,Pacey Singer,2566237,0,2008
100,22050,0020d078109b02dfaaf2fe5f8f51d35c,0.0,258.32444,0.229,0.0,0,0,0,0,0,0,0,0,0,0,0,0,0,0,0,9,0.205,-9.207,0,0.493,249.342,184.879,1,0.148,TRMMWYY128F425E25D,,52164,0.398725288426,0.0,ARFPSZA1241B9C709B,,,,,Beck_ Bogert_ Appice,12637,,0,0,Halloween Classics: Hellbent For Halloween,280260,,SOLTAUK12A8AE4611F,Superstition,3122755,0,0
101,22050,68ec629640996ba239ffc8e5672cce59,0.0,219.79383,0.09,0.0,0,0,0,0,0,0,0,0,0,0,0,0,0,0,0,7,0.651,-6.106,1,0.604,212.538,130.02,4,0.419,TRMMWMR12903CF8643,,100449,0.642039742685,0.480948813314,ARF0IZS1187B9AE3D7,,Los Angeles CA,,43968c1e-dc13-4559-9568-de8372513377,Tiësto,-1,,0,0,Ride,691645,,SOPRQGM12A58A784F1,Ride,7676296,0,2006
102,22050,57da3385dd3742720f959ca988c7e81b,0.0,250.74893,0.636,0.0,0,0,0,0,0,0,0,0,0,0,0,0,0,0,0,1,0.797,-5.32,1,0.607,250.749,107.989,4,0.997,TRMMWRF128F1462252,,50607,0.838816273605,0.557755674779,AROSI8L1187B9ACD43,,"Los Angeles, CA",,1d11e2a1-4531-4d61-a8c7-7b5c6a608fd2,Ice Cube Featuring Chuck D,1836,,0,0,AmeriKKKa's Most Wanted (Explicit),26210,0.41373983586,SOADQCE12A6D4F64B3,Endangered Species (Tales From The Darkside) (Remix) (Explicit) (Feat. Chuck D),282513,0,0
103,22050,a0c5075b032fa9467aa27706e02d91a4,0.0,214.72608,0.502,0.0,0,0,0,0,0,0,0,0,0,0,0,0,0,0,0,2,1.0,-16.003,1,0.991,210.036,99.101,4,0.945,TRMMWJM128F4227255,,48936,0.488807902674,0.382498694146,AR21O7X1187B990168,,,,bf4f57a2-5a76-4a77-be5d-1a00394d7213,Archie Roach,41047,,0,0,Charcoal Lane,123886,0.0,SOOWUDY12A6D4FA0B0,Summer Of My Life,1278925,0,1990
104,22050,90e319da1d772453c028b00d32dfa5d1,0.0,161.95873,2.38,0.0,0,0,0,0,0,0,0,0,0,0,0,0,0,0,0,8,0.415,-11.271,1,0.498,155.202,159.434,4,0.199,TRMMWEZ128F1455EAC,,41461,0.491050168296,0.320366918656,ARCUKQ11187B9A9AC9,36.34253,"Overton County, TN",-85.29014,a9468a9a-b5ea-43b8-85c7-d86542bd2537,Lester Flatt / Earl Scruggs / The Foggy Mountain Boys,14458,,0,0,The Complete Mercury Recordings,22060,0.394394856101,SODSOYL12A6D4F5B39,Foggy Mountain Breakdown,227986,0,0
105,22050,f535939b96cf005d828cdbbe43d6d1cd,0.0,776.25424,9.433,0.0,0,0,0,0,0,0,0,0,0,0,0,0,0,0,0,1,0.033,-28.684,0,0.224,718.658,38.14,4,0.0,TRMMWBF128F427D6B0,,26130,0.518304924282,0.359210620721,ARLRWBW1242077EB29,,,,,Mikhail Pletnev,66369,,0,0,Scriabin - Piano Works,160737,0.0,SOMLQLS12A8C13D138,Sonata No. 10 Op. 70,1697163,0,0
106,22050,78d8eedd9aaca890132b663e923386f0,0.0,435.09506,0.0,0.0,0,0,0,0,0,0,0,0,0,0,0,0,0,0,0,2,0.0,-9.669,1,0.0,419.248,127.963,4,0.3,TRMMWBW128F149B929,,42661,0.518502344565,0.218983285092,AR4O9LT1187FB5BCEA,,,,2a9cbca0-a172-4089-825b-2e72256c441f,Janette Slack,-1,,0,0,Shake And Play,56546,,SOKQPKX12A6D4FAC5B,Red Ramona,587326,0,0
107,22050,9889b9f02bff93fb58693870ba27e8e3,0.0,167.00036,0.0,0.0,0,0,0,0,0,0,0,0,0,0,0,0,0,0,0,6,0.642,-18.653,0,0.574,158.157,195.338,1,0.899,TRMMWJY128F1469B8A,,3059,0.583527778228,0.389996030634,ARUMVHW1187B9A9F0B,,,,35542d25-c761-49fa-a402-f752c5789517,Luis Eduardo Aute,12477,,0,0,Aire/Invisible,28915,0.0,SOFKEUC12A6D4F4C3F,What Matters Is Just You,317877,0,0
108,22050,6bf721b85a8cb48e86c32d47d14a5d0f,0.0,182.5171,0.403,0.0,0,0,0,0,0,0,0,0,0,0,0,0,0,0,0,2,0.827,-12.337,1,0.779,172.362,241.715,4,0.967,TRMMWAH128F92F9D00,,295173,0.428853814622,0.395822646178,ARUK8PM1187B9A90AC,35.83073,Tennessee,-85.97874,1d281e8f-a774-4330-82d6-81fcc880d1cd,Lonesome River Band,-1,,0,0,One Step Forward,395131,0.212045405484,SOPXLUV12AB018128F,Southern Comfort,4385904,0,0
109,22050,32ee255e79102cf387f24648d7a39c33,0.0,130.08934,0.0,0.0,0,0,0,0,0,0,0,0,0,0,0,0,0,0,0,4,0.461,-7.103,0,0.322,130.089,135.011,4,0.834,TRMMWYJ128EF358EA7,,64203,0.608251361484,0.367082361526,AR5XI1O1187FB4A139,,,,bd931001-d9f0-4a07-88b4-7888db5b2662,Retard-O-Bot,93621,,0,0,Friendship Forever,79148,0.207985423578,SOOIKJH12A6D4F6454,Something From Nothing,833896,0,2005
110,22050,52c6cb23eef82ccd518abc141e8614fa,0.0,324.30975,0.157,0.0,0,0,0,0,0,0,0,0,0,0,0,0,0,0,0,0,0.651,-9.989,1,0.624,301.279,80.04,3,0.517,TRMMWWX128F92DAF12,,1739,0.456605059966,0.36074498441,ARDXWVZ1187B9B52F1,40.71455,New York,-74.00712,fdd978e6-6ced-4985-81c7-84db3ac7ce0b,Michael Whalen,58832,,0,0,The Other Coast,324036,,SOXXJGW12AAF3B58CF,Half Light,3648860,0,0
111,22050,cfbbd21fa8db55f89eff4c18331c8cff,0.0,497.50159,0.142,0.0,0,0,0,0,0,0,0,0,0,0,0,0,0,0,0,1,0.394,-6.15,0,0.384,489.494,171.459,4,0.631,TRMMWLC128F42679C7,,156743,0.55832143384,0.338845003101,ARRMPTL1187FB3F9CE,35.21962,"Memphis, TN",-80.01955,b972d2e5-72e8-43e9-9f91-f61a70b153c8,Kaze,159148,,0,0,Spirit Of '94,207417,,SOBGKMC12A8C137FE0,Bonus Track,2249068,0,0
112,22050,202daca53da0e97c0bd396899dcd0307,0.0,195.49995,0.231,0.0,0,0,0,0,0,0,0,0,0,0,0,0,0,0,0,9,0.048,-8.828,1,0.318,188.308,85.916,4,0.216,TRMMWPX128F14965B8,,4947,0.679789023574,0.483035298046,ARWVVVP1187FB52F31,,"Cleveland, TN",,1d13f774-b0cd-4879-9960-33b597c77672,Mark Wills,-1,,0,0,Country Linedancing,53852,0.633197379188,SOKAWDI12A6D4FA72F,High Low And In Between,562453,0,1996
113,22050,ca87631c43d8db29025abb98189c4cfd,0.0,372.92363,0.0,0.0,0,0,0,0,0,0,0,0,0,0,0,0,0,0,0,8,0.516,-14.242,1,0.749,372.924,89.41,3,0.662,TRMMWSG128F92DD9AB,,59564,0.619257262036,0.417383743702,ARUVTRR1187FB37522,,,,e43f8c07-2d2e-47fd-8279-dc0e9880882c,Roberto Carlos,3545,,0,0,En Vivo,381851,,SOWGQLY12AAF3B47D9,Detalles,4240872,0,1990
114,22050,7d1580f0b4ae11f746a0ec8075cf743d,0.0,295.94077,0.322,0.0,0,0,0,0,0,0,0,0,0,0,0,0,0,0,0,0,0.64,-7.449,1,0.612,288.845,94.86,4,0.484,TRMMGDQ128F4277AE7,,122225,0.491063913017,0.359458349342,AR6KJQA1187FB3EF30,33.44826,"Phoenix, Arizona",-112.07577,e70ed227-a144-45dc-b211-6ad67514ed31,Fine China,101652,,0,0,You Make Me Hate Music,158820,,SOGXPYA12A58A769A7,Rock Can't Last Forever  (You Hate Me Hate Music Album Version),1673814,0,2002
115,22050,0f71ffe40d9b5689cb2d864435c89a59,0.0,227.47383,0.0,0.0,0,0,0,0,0,0,0,0,0,0,0,0,0,0,0,11,0.0,-7.436,0,0.086,214.732,90.666,4,0.813,TRMMGCB128E079651D,,4015,0.819087195638,0.533117124993,ARU3C671187FB3F71B,,UK,,067102ea-9519-4622-9077-57ca4164cfbb,Morcheeba,-1,,0,0,Charango,17367,0.765861415039,SOHNWIM12A67ADF7D9,Get Along (Feat: Pace Won) (Instrumental),185967,0,2002
116,22050,8400c85a0126dba82226a40920b84091,0.0,377.0771,2.839,0.0,0,0,0,0,0,0,0,0,0,0,0,0,0,0,0,0,0.006,-20.068,1,0.268,365.296,103.804,4,0.175,TRMMGQO12903CD4F19,,484517,0.522209599542,0.344211614046,ARX6NQP1187B9AC98E,39.94525,"Camden, NJ",-75.11913,726cfe69-c905-4161-a10c-accb13d9ec26,"Richard ""Groove"" Holmes",90548,,0,0,"Greatest Hits Of Richard ""Groove"" Holmes",768220,,SOHCDDC12AB018B206,Caravan,8506497,0,0
117,22050,4b8ef13a38cb3831609bbd48f7a24653,0.0,678.89587,3.088,0.0,0,0,0,0,0,0,0,0,0,0,0,0,0,0,0,1,0.885,-14.64,1,0.835,661.438,80.082,4,0.913,TRMMGPD128F42AA230,,18476,0.732409432187,0.507956992295,ARSDPQX1187FB3F2E4,,UK,,d0cd81a5-0d64-404e-9bd3-932c019694b3,Lamb,15819,,0,0,What Sound,306386,0.602435712408,SOAAQWU12A8C13F908,Just Is,3455362,0,0
118,22050,f84db6f1689452eb91a07e8806c2a090,0.0,460.69506,0.0,0.0,0,0,0,0,0,0,0,0,0,0,0,0,0,0,0,4,0.697,-15.298,0,0.511,444.836,125.013,4,0.694,TRMMGZK128F92CFC20,,289173,0.0181700373198,0.0,ARDQAEB1269FB38115,,,,,Sektosixo,-1,,0,0,The Life That I Never Had,374778,,SOTOTTC12A8C142727,The Life That I Never Had,4167461,0,0
119,22050,194b1042e3436ccb8b2e30eb52f2349d,0.0,384.67873,0.845,0.0,0,0,0,0,0,0,0,0,0,0,0,0,0,0,0,0,0.0,-15.607,1,0.0,377.452,149.986,4,0.0,TRMMGIL128F92DBA59,,251700,0.354335156222,0.281445413983,ARPZ1KQ1187B99269D,,,,f27fd88a-30a6-4b0a-8599-59afd0d09bdc,DJ Markitos,-1,,0,0,Inside Your Dreams,324292,0.212045405484,SOELTOP12AAFF415CF,Inside Your Dreams,3651751,0,2003
120,22050,9544d06056acd14cbac3cfe48a1ebf2d,0.0,204.61669,0.222,0.0,0,0,0,0,0,0,0,0,0,0,0,0,0,0,0,4,0.594,-4.782,0,0.409,201.95,89.966,4,1.0,TRMMGRC12903CB459C,,27875,0.617812452929,0.475465130291,ARVKMD51187B99D66D,,"Queens, NY",,d833b812-02c3-45e7-997f-5058dca1801b,The Beatnuts,9776,,0,0,Milk Me  [Amended Version],710891,0.487326682811,SOSNZGD12A582A2624,Hot (Album Version),7884575,0,0
121,22050,87954aebd93c8eb33ddb0c331c6bf9e4,0.0,531.74812,0.0,0.0,0,0,0,0,0,0,0,0,0,0,0,0,0,0,0,10,0.338,-7.025,0,0.459,516.023,129.998,5,0.914,TRMMGCE128F42A9B17,,96417,0.433521181688,0.36505650873,ARPHUAB12086C12B44,,,,66acebaf-ca96-4e55-8098-3f1047ae3012,Ronski Speed presents Sun Decade,-1,,0,0,Euphonic 10 Years,121554,0.323112120895,SOFCGTP12A8C140A93,Have It All,1255204,0,0
122,22050,556803bd49f9adc82467ec0655250990,0.0,181.99465,0.0,0.0,0,0,0,0,0,0,0,0,0,0,0,0,0,0,0,10,0.819,-11.915,1,0.701,174.388,97.537,4,0.444,TRMMGFX128F92E0CA1,,18541,0.505951781484,0.373235095183,ARJOEGM1187B9B8F24,32.75103,"Anson, TX",-99.89682,79251d77-dd72-46d3-a324-61c27760ce25,Jeannie C. Riley,-1,,0,0,Jeannie C. Riley Selected Hits,474617,0.246865094453,SOQAWRX12A8C140FB3,Words - Re-Recording,5271769,0,0
123,22050,c50c9a39654d0e03a4cc88a032e60fa1,0.0,307.51302,3.64,0.0,0,0,0,0,0,0,0,0,0,0,0,0,0,0,0,6,0.0,-6.173,0,0.28,300.884,98.023,4,0.665,TRMMGTX128F92FB4D9,,5705,0.595554053513,0.400705227151,ARPAAPH1187FB3601B,,,,f69d655c-ffd6-4bee-8c2a-3086b2be2fc6,Bacilos,-1,,0,0,Caraluna,613953,0.594483378604,SOECFIW12A8C144546,Viejo,6825058,0,0
124,22050,8b3f52ec5272e5bafcaf28c1bad73ae0,0.0,232.51546,0.354,0.0,0,0,0,0,0,0,0,0,0,0,0,0,0,0,0,1,0.415,-12.0,1,0.373,217.693,78.501,4,0.0,TRMMGBF128F931B836,,109920,0.505282124693,0.35517995948,ARXKI3P1187FB46ABA,,,,d2ace786-5b3c-4794-a010-ebed4bd1393a,Toyah,-1,,0,0,Sheep Farming In Barnet,626783,,SOGHBFO12AB017C407,Victims of the Riddle [Vivisection],6957744,0,1979
125,22050,fed7bc3af9c1d6476f8d1a4938b4fbf2,0.0,226.19383,0.984,0.0,0,0,0,0,0,0,0,0,0,0,0,0,0,0,0,1,0.38,-5.412,0,0.562,214.825,146.016,4,0.805,TRMMGBQ12903CDF86A,,102694,0.496561134206,0.375137642771,ARUNMBV123E29C285A,,,,d2e4bae7-fa67-4a0a-bd49-4ba067dc92f8,The Wolfmen,54690,,0,0,Kama Sutra,594846,,SOCFEYX12AB0185304,Kama Sutra,6600132,0,0
126,22050,519d1c20b7e4b8d32b6127f661680130,0.0,176.37832,0.0,0.0,0,0,0,0,0,0,0,0,0,0,0,0,0,0,0,0,0.721,-13.485,1,0.722,168.356,87.994,4,0.045,TRMMGYY128F4289515,,12118,0.422015754739,0.338637754314,AROZLUB1187B995640,,,,a7edf3fb-dec8-4e6a-819b-47fa4a06248e,Fausto Leali,606,,0,0,I successi di Fausto Leali,165000,,SOIJRWP12A8C13E78D,E non lo scorderò,1748331,0,0
127,22050,2db9c20dc55c482bb4513ea996c1af6c,0.0,174.70649,0.289,0.0,0,0,0,0,0,0,0,0,0,0,0,0,0,0,0,11,0.617,-7.199,0,0.483,171.265,136.494,1,0.043,TRMMGHM128F4270EA7,,89681,0.577353466481,0.378315418943,AREKRIB1187B98ECEA,,"San Francisco, CA",,89483451-a17b-4f4a-b565-27251888c739,Link 80,-1,,0,0,17 Reasons,258774,0.407233014901,SOYFPHJ12A8C13C2B2,What Can I Do?,2874516,0,1997
128,22050,b506a90f9fc4e3ec1df8d1308526d909,0.0,285.70077,0.996,0.0,0,0,0,0,0,0,0,0,0,0,0,0,0,0,0,11,0.726,-11.533,0,0.543,283.591,82.679,5,0.781,TRMMGKQ128F9325E10,,9422,0.674105191296,0.51148628336,ARYSJWK1187B9B32CE,37.80506,"Oakland, CA",-122.27302,ff6cb06c-a6e5-4ab9-a5ce-fa2095be45b9,Linkwood,-1,,0,0,EP2,502092,0.386477291255,SOUMNSI12AB0182807,Whats up with the Underground,5559843,0,0
129,22050,0865ffc9a326ede08636548e981d3fdd,0.0,471.74485,6.658,0.0,0,0,0,0,0,0,0,0,0,0,0,0,0,0,0,8,0.162,-14.819,0,0.168,426.864,139.019,4,0.349,TRMMGMC12903CF7FF0,,40784,0.628064699308,0.391005786358,ARJYN201187B9B6C1B,,"Buffalo, NY",,9a7c8025-1af8-42cd-8df8-857220610bc5,Spyro Gyra,-1,,0,0,Freetime,603211,0.445454525493,SOMLVLH12AC3DF9CCD,Pacific Sunrise,6700550,0,1981
130,22050,46a2b473fbf8d43db051c7421c0c02c1,0.0,617.53424,0.392,0.0,0,0,0,0,0,0,0,0,0,0,0,0,0,0,0,9,0.099,-16.496,1,0.456,553.488,124.824,4,1.0,TRMMGDG12903CDB0E8,,194585,0.515932603371,0.331566220383,ARF1LT21187B989EEB,,,,147de9f1-2083-4fe9-82c2-2487ed626d9b,White Willow,-1,,0,0,Sacrament,680973,0.352232225005,SOEXXWL12AB0189326,Gnostalgia,7555981,0,2000
131,22050,030852d439cc272dbd4a298dd483c966,0.0,258.61179,0.0,0.0,0,0,0,0,0,0,0,0,0,0,0,0,0,0,0,9,0.584,-5.394,0,0.522,247.896,101.793,3,1.0,TRMMGPB128F428B04A,,386,0.849766883849,0.57861647281,ARENMIP1187FB5638D,54.31407,UK,-2.23001,db4624cf-0e44-481e-a9dc-2142b833ec2f,Robbie Williams,1347,,0,0,Sin Sin Sin,165891,,SOAHCHL12A8C13C8C5,Sin Sin Sin (Sentience Loney Mix),1755290,0,2006
132,22050,f3b4d1a5c76a8ca5a501e3437ca1bb43,0.0,193.64526,0.258,0.0,0,0,0,0,0,0,0,0,0,0,0,0,0,0,0,7,0.125,-9.386,1,0.186,181.197,134.012,4,0.504,TRMMGEG12903CB4CFC,,497318,0.481448549351,0.36510651692,AR2G57B1187FB450A3,,,,f62d629d-4c15-40bf-8602-4c50f79fce5d,Prager Handgriff,-1,,0,0,Maschinensturm,667390,,SOHMXUE12AB018676C,Bihac,7398401,0,1995
133,22050,511a60a51fd9b682330b68df7ab8eedb,0.0,93.30893,0.0,0.0,0,0,0,0,0,0,0,0,0,0,0,0,0,0,0,10,0.0,-4.322,0,0.0,93.309,98.661,4,0.357,TRMMGZG128F92FB665,,202391,0.475801738662,0.296215453336,AR5T9FA1187FB3CCF4,,,,c49301c4-9375-4a92-b1a7-ab03d0904307,Marc Live,146094,,0,0,Operation Infinite Grit,395653,,SOLLEAB12AB017DC60,Hard Life Feat Raw Breed,4392656,0,0
134,22050,2eb363ded43c4d87b857b75bd308525b,0.0,514.63791,0.183,0.0,0,0,0,0,0,0,0,0,0,0,0,0,0,0,0,6,0.508,-7.809,0,0.477,505.818,136.923,4,0.35,TRMMGQU128F9340803,,225746,0.542793586035,0.377787708794,AR72WF21187FB5B529,38.00335,Virginia,-79.77127,7faacd79-2e76-4a61-82a1-830caa46517b,Paul Miller,132420,,0,0,Galaxy EP,423303,0.55437124319,SOLTFTE12A8C13718B,Memories Of Love - Original Mix,4722586,0,0
135,22050,e0f5e47ed539f22f19add3334354b1b3,0.0,160.07791,2.009,0.0,0,0,0,0,0,0,0,0,0,0,0,0,0,0,0,2,0.732,-27.183,1,0.712,152.34,98.789,4,0.0,TRMMGAX128F428FD18,,11085,0.388024046527,0.291883421788,AR23EC41187FB4805D,,New Jersey,,02ea73c9-a5f0-4b63-91f1-c97fa27567ff,American Boychoir,182287,,0,0,Hymn,107015,,SOIOVEM12A8C13D837,Praise_ My Soul_ The King Of Heaven,1108052,0,0
136,22050,d3a06c23fd55266464ebfbdda9a9b34c,0.0,272.92689,0.179,0.0,0,0,0,0,0,0,0,0,0,0,0,0,0,0,0,6,0.748,-6.223,0,0.657,268.283,80.064,4,0.0,TRMMGGP128F934AD1D,,414616,0.423520253387,0.0,AR8S39U1187B990D7A,,,,4cde1c2d-2e19-4eb6-87b9-e8b54dc71e36,Thought Industry,-1,,0,0,Black Umbrella,559868,0.352232225005,SOXIARP12AB018492E,Edward Smith,6197689,0,1997
137,22050,71ef7996c2367711dfc47776061c0784,0.0,229.01506,0.219,0.0,0,0,0,0,0,0,0,0,0,0,0,0,0,0,0,11,0.596,-7.09,1,0.571,210.768,85.194,4,0.964,TRMMGEU12903CF009A,,173301,0.513720054825,0.0,AR4QY4C1187B9AF3DF,,"Dallaz, TX",,f0d9f9bb-27d1-460d-95e6-b086af44bbf9,Red Animal War,-1,,0,0,Breaking In An Angel,600710,,SOSTYVO12AC907117C,Dark Country,6667916,0,0
138,22050,697f8bda2dda3b6782a8292dbf732ac2,0.0,175.59465,0.316,0.0,0,0,0,0,0,0,0,0,0,0,0,0,0,0,0,6,0.739,-15.301,1,0.705,170.162,122.722,4,0.866,TRMMGST128F92F25EC,,295173,0.428853814622,0.395822646178,ARUK8PM1187B9A90AC,35.83073,Tennessee,-85.97874,1d281e8f-a774-4330-82d6-81fcc880d1cd,Lonesome River Band,-1,,0,0,Old Country Town,391631,0.3759843015,SOHVRGJ12AB01826FE,Highway Paved With Pain,4345124,0,2007
139,22050,2aab031d10cf3e8aa919accbfea4548a,0.0,706.40281,0.376,0.0,0,0,0,0,0,0,0,0,0,0,0,0,0,0,0,4,0.462,-14.288,1,0.63,669.095,116.998,4,0.459,TRMMGRZ12903CE1C82,,5235,0.59624069237,0.45139863707,ARNWPVR1187FB44572,,,,b43d5fd2-16ba-4d95-805a-d94a55b93d7f,Jason Becker,-1,,0,0,Perspective,773276,,SODRTHY12AB018FB3B,End Of The Beginning (Album Version),8559190,0,0
140,22050,f32e00f772dcbc0555288ac949dc9dd7,0.0,220.682,2.932,0.0,0,0,0,0,0,0,0,0,0,0,0,0,0,0,0,7,0.368,-10.12,1,0.591,215.388,123.958,4,0.727,TRMMGUF12903CB279D,,61424,0.546727553963,0.386180416079,ARE26EG1187B990AEF,51.77045,"Essex, England",0.64255,de212b3a-2f54-4def-a13d-5a877bfaeaf7,Sunscreem,19156,,0,0,Love U More: The Very Best Of,666545,0.0,SOARKPN12AB018A3F1,Britannia,7388832,0,2009
141,22050,630788a171fe839e3b24d6053712c992,0.0,185.36444,0.148,0.0,0,0,0,0,0,0,0,0,0,0,0,0,0,0,0,4,0.0,-5.995,1,0.0,185.364,100.01,4,0.637,TRMMGPI128F932E6D7,,7193,0.453192206991,0.372136731877,AR5DL0Z1187B98F52F,,,,7bb8a99a-aadd-4d55-9f55-cbb0937b68d4,Motormark,-1,,0,0,Chrome Tape,505932,,SOVGOBZ12AB0185AB0,I'm About To Do Something (That I'm Gonna Regret),5595613,0,2004
142,22050,c66d0ff4cd821ab0d9620bceef748885,0.0,444.73424,0.0,0.0,0,0,0,0,0,0,0,0,0,0,0,0,0,0,0,11,0.622,-8.948,1,0.522,434.579,127.988,4,0.0,TRMMGYR128F4282BAE,,1288,0.751012252554,0.518324480349,ARQ985T1187FB48640,,"London, England",,ba2f4f3b-0293-4bc8-bb94-2f73b5207343,Underworld,1644,,0,0,Ring Road,268593,,SOBBODD12A8C13FFA0,Ring Road,2957664,0,2007
143,22050,c67ce232d003d6536fcfcdc1c60c2d64,0.0,442.51383,0.159,0.0,0,0,0,0,0,0,0,0,0,0,0,0,0,0,0,0,0.054,-9.761,0,0.286,434.753,93.352,3,1.0,TRMMGTM128F930282D,,302338,0.50488694762,0.410731286419,AR2494E1187FB3D818,39.44711,"Wilmington, OH",-83.82837,727785df-2169-4990-a16c-580828b350d0,Airscape,-1,,0,0,The Very Best of Euphoric Dance Breakdown 2009,398354,,SOJKQRQ12AB01804A5,LEsperanza,4425645,0,0
144,22050,58a09b14111eebf8dc4ed27cfa7de5af,0.0,226.11546,0.182,0.0,0,0,0,0,0,0,0,0,0,0,0,0,0,0,0,11,0.649,-9.908,0,0.691,222.244,67.826,3,0.297,TRMMGPL12903CCDB98,,352878,0.580683604447,0.374146504139,ARTV3SB1187B997689,,,,c0926f5d-098c-4f29-a463-5489b43a273a,Neal Morse,-1,,0,0,So Many Roads,765599,,SOKFTXQ12AB018C33A,That Crutch,8476915,0,2007
145,22050,8979534fbd8eda6a50c09ed4f46ad111,0.0,133.58975,0.16,0.0,0,0,0,0,0,0,0,0,0,0,0,0,0,0,0,7,0.83,-11.278,1,0.643,120.036,147.948,1,0.0,TRMMGDP128F933E59A,,18776,0.779490377324,0.599210493315,ARNNRN31187B9AE7B7,,"Forrest City, AR",,fb7272ba-f130-4f0a-934d-6eeea4c18c9a,Al Green,2020,,0,0,The Legendary Hi Records Albums_ Volume 3: Full Of Fire + Have A Good Time + The Belle Album + Truth n Time,468637,,SOGWEOB12AB018A4D0,I Say A Little Prayer,5211723,0,1978
146,22050,6f4b678dfecd84961622bdd636707bad,0.0,319.05914,2.072,0.0,0,0,0,0,0,0,0,0,0,0,0,0,0,0,0,0,1.0,-12.626,1,0.758,313.51,151.26,4,0.731,TRMMGJZ128F4270235,,198005,0.457462916675,0.32125345964,ARLC43N1187FB390C0,51.04521,Calgary Alberta Canada,-114.06317,9c1c7eb7-7d23-43b8-8a5b-578ef568cfa9,The Muffins,-1,,0,0,Double Negative,258627,0.266955186276,SOIHJKI12A8C13D474,Dawning Star,2871329,0,0
147,22050,fa48e3bd5f8645e03e5c5fb32aa9a139,0.0,245.28934,0.0,0.0,0,0,0,0,0,0,0,0,0,0,0,0,0,0,0,2,0.011,-9.542,1,0.241,241.046,109.967,4,1.0,TRMMGKQ128F934B4CE,,30030,0.628756427536,0.417775071925,AROFTJS1187FB3B278,,,,7f67cd3c-4fcf-440e-b46d-7960e208ef8b,The Funky Lowlives,-1,,0,0,Get Your Stereo Deluxed Vol. 6,645760,,SOFMVOA12AB018240A,Irreplaceable,7154425,0,2002
148,22050,2106698df14878f426664a176ea136ec,0.0,519.3922,3.007,0.0,0,0,0,0,0,0,0,0,0,0,0,0,0,0,0,10,0.182,-10.033,0,0.617,513.916,128.069,4,0.839,TRMMGEG128F9300DC5,,26901,0.737052305503,0.450595416207,AR4GKTH1187FB4C8DE,53.38311,"Sheffield, Yorkshire, England",-1.46454,410c9baf-5469-44f6-9852-826524b80c61,Autechre,-1,,0,0,LP5,533165,0.714674160098,SOCELXR12AB017EB1B,AcroyearII,5892064,0,1998
149,22050,1c2cf282715a85ebfa353be4e3b07467,0.0,252.23791,0.171,0.0,0,0,0,0,0,0,0,0,0,0,0,0,0,0,0,4,0.689,-10.665,1,0.591,228.299,108.885,4,1.0,TRMMGCK128F932EC2E,,89777,0.570919033996,0.37540422898,AROS7QJ1187B98C2A3,42.99671,"Grand Rapids, MI",-85.59012,d09c7f3f-f8f3-46df-96aa-43af260e1ae4,Brian Vander Ark,53436,,0,0,Resurrection,550376,,SOBAHCX12AB0183F7A,And Then You Went Away,6082476,0,2004
150,22050,b62fab2fe4e43e62523d4834175a0da9,0.0,136.88118,0.39,0.0,0,0,0,0,0,0,0,0,0,0,0,0,0,0,0,1,0.384,-8.008,1,0.384,131.146,147.355,4,0.179,TRMMGKX128F421ADC1,,80148,0.528835697897,0.343133497395,AR7OCK81187B98D1F1,34.05349,"Los Angeles, CA",-118.24532,989d5fb7-b71e-4573-8cec-6bfacc9b131e,Debbie Davies,80791,,0,0,Loose Tonight,226892,0.265861049211,SOINLLV12A6D4FBB05,You Don't Know What You're Doing,2498767,0,0
151,22050,43e91d2158af147633db37be06fe75b9,0.0,289.33179,3.791,0.0,0,0,0,0,0,0,0,0,0,0,0,0,0,0,0,11,0.499,-17.869,0,0.503,259.036,167.04,4,0.419,TRMMGNC12903CABD4A,,20953,0.573862814041,0.345245346892,ARPO2J91187B991AA0,,,,a82715d0-e1b9-47ec-aae4-a69d2e4925cc,Boo Hewerdine,74751,,0,0,Ignorance,576117,,SOBHUSK12AB0187786,Touched (Intro: From 'That Winter' By Pamela Gillilan),6385681,0,0
152,22050,c91ac20289b19cb76d7fbfb71668f86e,0.0,270.47138,0.321,0.0,0,0,0,0,0,0,0,0,0,0,0,0,0,0,0,8,0.448,-10.71,0,0.48,253.841,119.758,4,0.0,TRMMGSH128F4243869,,8567,0.802654891408,0.566349576707,ARQEN0D1187B9B2595,59.33217,"Stockholm, Sweden",18.06243,61ed9c9c-79eb-4e8f-8015-bd599ac0ab49,Katatonia,93324,,0,0,Brave Murder Day,246686,0.786489283859,SOPNAOX12A6D4F85AF,Day,2678701,0,1996
153,22050,a1b178bdfd0919eecc84d93d2e3a69a7,0.0,305.78893,6.676,0.0,0,0,0,0,0,0,0,0,0,0,0,0,0,0,0,2,0.412,-7.666,1,0.604,293.03,140.087,4,0.576,TRMMGGU128F14A93DD,,5580,0.543839379698,0.511693420787,ARKMR711187FB3CA5A,,,,6ca14d5e-3a33-4696-9e82-bdebe070838e,Zen Cafe,-1,,0,0,Helvetisti järkeä,62427,0.507489844445,SOIGUQJ12A6D4FAB11,En oo koskaan tavannut,647256,0,2001
154,22050,4aec8366bca4e6677fd3825296c43915,0.0,182.62159,0.0,0.0,0,0,0,0,0,0,0,0,0,0,0,0,0,0,0,7,0.361,-6.075,1,0.291,182.622,116.247,5,1.0,TRMMGYG128F4268B2A,,44104,0.585716982931,0.408829063235,ARZPCQP11F50C4F755,,,,,DJ Rupture,-1,,0,0,Minesweeper,261871,,SOJUTQH12A8C13D5F3,B15 Apna Sangheet Sings Apna Sangsheet_ Ruled By The Mob,2840576,0,0
155,22050,44b8810f77b17c458174177df569d59b,0.0,225.2273,2.746,0.0,0,0,0,0,0,0,0,0,0,0,0,0,0,0,0,1,0.373,-4.28,1,0.277,221.263,135.653,3,0.774,TRMMGUF12903CAFF44,,496280,0.568817935253,0.431585676539,ARODPSJ1187B9A0C3A,,,,47b295e0-e080-425d-bb57-ace174560f37,Warlocks,-1,,0,0,The Never Ending Story,665686,0.0,SOXDQGB12AB018AC90,Militant Musicfreaks,7378203,0,0
156,22050,7e567fb447598002519bc00caa555d29,0.0,113.78893,0.386,0.0,0,0,0,0,0,0,0,0,0,0,0,0,0,0,0,10,0.587,-19.155,1,0.567,103.851,152.012,1,0.254,TRMMGIB12903D043E5,,2612,0.624088046836,0.378910700532,ARH94UF1187FB52D1C,-34.60852,"Buenos Aires, Argentina",-58.37354,500053c3-d673-4768-94d0-9e02aea5d0bf,Luis Bacalov,-1,,0,0,Sea Of Dreams,741479,,SOSUDKY12AC3DFA679,The Color Of The Water / Dreaming Of The Future,8212873,0,2007
157,22050,40a6e899b7462f2af61c634be601fad4,0.0,169.40363,4.656,0.0,0,0,0,0,0,0,0,0,0,0,0,0,0,0,0,7,0.621,-10.506,1,0.686,158.064,144.032,4,0.964,TRMMGKT12903CA6C1A,,84525,0.60810618717,0.224457011807,ARGSE7M1187FB573E3,,,,e89fb16d-a412-4f51-b16f-afef9d224cc0,AJP,-1,,0,0,Sounds of an Amateur,795061,,SOUGJMK12AB018852E,Nothing More to Say,8792302,0,0
158,22050,fe0b35fa74b64fb1aa4ebda10513fd4f,0.0,172.06812,0.0,0.0,0,0,0,0,0,0,0,0,0,0,0,0,0,0,0,2,0.011,-5.752,1,0.433,168.182,109.222,4,0.905,TRMMGER128F9324C09,,202916,0.468140065476,0.282824921087,AR10QE51187FB4B5BF,48.85692,Paris,2.34121,d8926d4e-1705-421e-8137-5cffc8f5c94c,La Souris Déglinguée,-1,,0,0,As-tu déjà oublié?,630408,,SOPZPJR12AB0180ED3,Rock'n'roll vengeance,6996155,0,2003
159,22050,6c3bb40e147cefc32a261c8b0224d2f1,0.0,171.54567,8.777,0.0,0,0,0,0,0,0,0,0,0,0,0,0,0,0,0,4,0.236,-10.976,0,0.294,163.184,110.994,4,0.825,TRMMGVE128F427B346,,8390,0.599485782276,0.40665856516,ARY0RQP1187FB48B93,,,,bac316b8-e971-403d-a5e4-f81fa6a4efbb,Mickey 3D,67869,,0,0,Ma Grand-Mère,159269,,SOMPTDS12A8C13AC1D,Qui ? (version baba cool),1688170,0,2002
160,22050,44ee995cb07d81e4567c49e976fac82a,0.0,146.20689,0.247,0.0,0,0,0,0,0,0,0,0,0,0,0,0,0,0,0,2,0.734,-8.95,1,0.6,135.001,117.574,4,0.276,TRMMGDF128F4243251,,190817,0.406883942497,0.184799093305,ARUN68T1187FB37803,35.83073,Tennessee,-85.97874,461eb134-9c85-4f77-8f1c-14b2ee8fa2f4,William Lee Ellis,-1,,0,0,God's Tattoos,246564,,SOENBNC12A8C1326F6,Four Horses,2677119,0,0
161,22050,61a9e9c9f1ee7b5f4bc3b10bc8f8ef22,0.0,161.35791,0.334,0.0,0,0,0,0,0,0,0,0,0,0,0,0,0,0,0,0,0.304,-6.559,0,0.349,151.324,167.843,4,0.528,TRMMGXC12903CB18F6,,25998,0.42658478399,0.356104206558,ARL5AFH1187B995BFD,,,,938b7918-1f3b-49a8-9052-3ce71736d0c4,Glen Glenn,-1,,0,0,Glen Rocks,709946,,SOCEXXJ12AB0185239,Laurie Ann,7873111,0,2000
162,22050,76dcc5bc33e4d832856f4a644a0b91e8,0.0,178.88608,3.477,0.0,0,0,0,0,0,0,0,0,0,0,0,0,0,0,0,2,0.604,-18.946,1,0.705,164.171,155.655,7,0.457,TRMMGRT128F93517C1,,311898,0.566661657956,0.418356680774,ARGE4J31187B9B41EE,62.19845,Sweden,17.55142,1ade81bb-18b9-4060-81d9-9a2bfe342c7c,Sofia Karlsson,-1,,0,0,Visor från vinden (Bonus Version),648066,0.360370582712,SOIYPRW12AB018669D,Näckaspel,7179802,0,2007
163,22050,2f5d7d56f3412941269d0f5721755d4e,0.0,363.57179,0.101,0.0,0,0,0,0,0,0,0,0,0,0,0,0,0,0,0,7,0.753,-8.89,1,0.736,354.615,91.971,5,1.0,TRMMGOA128F4290DB7,,84574,0.379705170997,0.294967996688,ARR7G1W1187B9B6025,,,,1a19dcfb-627f-4a68-af36-f14acd770c60,Krid P,-1,,0,0,The Great Bouzouki / Get Up,108046,0.0,SOHLMBQ12AC961881F,Get Up (Club Mix),1117115,0,0
164,22050,00451ae0d67ae284d82a92dcbbfca30b,0.0,171.88526,0.42,0.0,0,0,0,0,0,0,0,0,0,0,0,0,0,0,0,5,0.223,-7.959,1,0.356,167.027,118.126,3,0.674,TRMMGVD128F42734AF,,23756,0.535639925763,0.303171631758,AR3ZD9L1187B99EC5A,41.64422,Austin TX,-87.70203,961161cd-9ffa-44d1-a444-cdbd658b1be4,Golden Boys,90887,,0,0,Bis - Jovem Guarda,157418,,SOPDAZL12A58A7CAE5,Melodia Do Amor,1655216,0,0
165,22050,3ad1788cc782ea9dc9855aecec7fac8d,0.0,257.61914,0.403,0.0,0,0,0,0,0,0,0,0,0,0,0,0,0,0,0,1,0.903,-13.506,1,0.534,245.557,124.38,3,0.22,TRMMGZH128F14AE4CF,,5117,0.492802544848,0.408514431024,AREY11W1187FB36FBD,39.74001,Denver CO,-104.99226,50809635-76df-4433-b324-b3c5258fb0a3,STEVE TAYLOR,41732,,0,0,The Best We Could Find,64549,0.558849677776,SOUMLGC12A6D4F9C32,Whatcha Gonna Do When Your Number's Up?   (The Best We Could Find Album Version),671117,0,0
166,22050,be659d4ceda60b49f7bc0f3fe4c0092a,0.0,185.25995,0.0,0.0,0,0,0,0,0,0,0,0,0,0,0,0,0,0,0,1,0.49,-7.437,1,0.351,181.801,141.005,4,0.685,TRMMGMB128F9321A3E,,40603,0.558928365054,0.359190348821,ARL7BCK1187B98E7DF,,,,0388b116-a688-4122-bfb7-ca9a1f4aef1a,Junkyard,56137,,0,0,Tried & True,457531,,SOVECZJ12AB01828DB,Waste of Time,5092600,0,0
167,22050,7b87822cedaf9ec696105d016c65e48e,0.0,354.45506,0.902,0.0,0,0,0,0,0,0,0,0,0,0,0,0,0,0,0,11,1.0,-6.018,0,0.81,349.124,128.989,4,0.384,TRMMHOK128F4273A4E,,133965,0.526284542658,0.43010691301,ARUIRXF1187FB45BC6,31.1689,Texas,-100.07715,7eefa014-d1c5-4685-b2ec-eac8bec665b1,JK,69202,,0,0,Deep in the night,211475,,SOVVXOO12A8C13AED8,Deep in the night,2299467,0,0
168,22050,0b66876f4ab1af45e3ca781af7e8ff60,0.0,220.96934,0.0,0.0,0,0,0,0,0,0,0,0,0,0,0,0,0,0,0,10,0.434,-11.145,0,0.541,215.29,101.861,3,0.851,TRMMHXK128F42AF4AC,,193376,0.480752276169,0.417593317281,AROGWRA122988FEE45,,,,,Christos Dantis,28246,,0,0,Christos Dantis Best,308132,,SOWKZGU12AF72A2B4A,Skase,3476504,0,0
169,22050,e789b47fd50c924885e78b8fe9b3fdb3,0.0,226.06322,0.363,0.0,0,0,0,0,0,0,0,0,0,0,0,0,0,0,0,4,0.727,-9.176,0,0.525,214.756,90.49,4,0.953,TRMMHGT128F42B91AD,,256976,0.721520715185,0.446325881317,ARE9CYJ1187B9B052A,,,,22dd0eab-394b-4f05-ada7-c8d3dd336c52,Teairra Marí,-1,,0,0,Roc-A-Fella Records Presents Teairra Marí,311386,0.487112194863,SOAGUGD12A8C13FB69,Make Her Feel Good,3516872,0,2005
170,22050,4f9d23f97b0807eefd54e7aef34a7527,0.0,216.63302,0.0,0.0,0,0,0,0,0,0,0,0,0,0,0,0,0,0,0,1,0.563,-4.291,1,0.515,206.739,147.977,1,0.0,TRMMHAV128F9310BE2,,382018,0.403429948404,0.0,AR4WN921187B99823C,32.67828,Georgia,-83.22295,a5e0a79c-8515-480d-b3eb-c73dee1ba9d9,Silent Kids,-1,,0,0,Dinosaurs Turn Into Birds,538241,,SOOEDWI12A58A7B1C4,Radio Was Unplugged,5957576,0,0
171,22050,f798579eb3c0e382afcb2e6afd65cfcd,0.0,221.59628,0.192,0.0,0,0,0,0,0,0,0,0,0,0,0,0,0,0,0,2,0.645,-22.987,1,0.651,217.368,97.318,4,0.73,TRMMHTC12903C9AF55,,504,0.77222939899,0.557766777844,AR914BW1187FB45A1B,,"Manchester, England",,013fa897-86db-41d3-8e9f-386c8a34f4e6,Morrissey,-1,,0,0,Viva Hate,570007,0.628217964579,SOJEBYC12A6310E031,Margaret On The Guillotine (LP Version),6315407,0,1988
172,22050,d29167e898e421a2bb942c7ac8ec5421,0.0,123.71546,2.107,0.0,0,0,0,0,0,0,0,0,0,0,0,0,0,0,0,6,0.207,-18.139,1,0.33,114.788,132.41,1,0.0,TRMMHBF12903CF6E59,,17908,0.438709416575,0.307119841955,AR1FEUF1187B9AF3E3,,,,4a8ae4fd-ad6f-4912-851f-093f12ee3572,Laurel & Hardy,81470,,0,0,Best of Laurel & Hardy - The Lonesome Pine,781419,,SOJGCRL12A8C144187,At the Ball_ That's All,8645877,0,0
173,22050,0e8cf77404381618ba7950a0f2b99484,0.0,350.1971,0.098,0.0,0,0,0,0,0,0,0,0,0,0,0,0,0,0,0,4,0.178,-6.952,1,0.223,350.197,120.084,4,0.0,TRMMHWI128F423B6AD,,63416,0.595831996937,0.480348130276,AR7JR9T1187FB43E7B,,,,7d0721e0-8448-4b58-b070-7115bcf38f7a,Pestilence,7690,,0,0,Testimony Of The Ancients,135084,0.266955186276,SOQPSNZ12A8AE44A95,Presence Of The Dead (Album Version),1399423,0,0
174,22050,cf1a0360475f1d83e1d0821795498943,0.0,602.90567,0.209,0.0,0,0,0,0,0,0,0,0,0,0,0,0,0,0,0,2,0.383,-24.985,0,0.482,592.765,46.079,4,0.0,TRMMHIV128F426E982,,60850,0.405107180245,0.380073608227,AR9GVDB1187FB39A5D,,,,8ee62ca4-6407-4564-b5b4-a8f87427be2d,Juilliard String Quartet,14553,,0,0,Bach:  The Art of the Fugue,285384,,SOGUUQT12A8C13599E,The Art of the Fugue_ BWV 1080/Contrapunctus XIV,3207625,0,0
175,22050,f7300e61ded9258edcd0f4fa41ed755c,0.0,270.78485,0.0,0.0,0,0,0,0,0,0,0,0,0,0,0,0,0,0,0,7,0.076,-7.363,1,0.532,260.104,117.125,3,0.803,TRMMHDI128F42442F4,,19178,0.637230649149,0.548807941056,AR3GZLR1187FB3D817,,,,892500b7-09a6-4049-ba92-2d192dd70563,Biffy Clyro,196,,0,0,Puzzle,139395,0.785686045869,SOJJMAE12A8C135E68,Love Has A Diameter,1446848,0,2007
176,22050,d55e953dc0198583f013a2724070c516,0.0,328.80281,0.154,0.0,0,0,0,0,0,0,0,0,0,0,0,0,0,0,0,7,0.118,-8.445,1,0.29,325.764,136.832,4,0.27,TRMMHBW12903CAFDE7,,372248,0.50006164811,0.322816833674,ARLUH7J1187FB57A58,,,,9f45a26c-6d78-4328-89f7-3ad01744cc2d,Mental Overdrive,-1,,0,0,The phuture that never happened,754756,0.0,SONQPBR12AB0187DD8,Communion,8354326,0,1991
177,22050,b9f2f87e325b488d66054435fe578d85,0.0,347.97669,0.0,0.0,0,0,0,0,0,0,0,0,0,0,0,0,0,0,0,1,0.121,-5.199,0,0.371,325.904,99.993,1,0.362,TRMMHRD128F4243970,,140210,0.613702376973,0.394002247383,ARSMR091187B9A3A4D,,,,241c87cd-cd89-4f9a-9a0e-cdcfb335079d,Exhumed,-1,,0,0,Garbage daze re-regurgitated,246696,0.266955186276,SODLNNU12A8AE475B5,No quarter,2678964,0,0
178,22050,60f8e76e5e7673b447743fe5b1c8d2a2,0.0,223.9473,0.316,0.0,0,0,0,0,0,0,0,0,0,0,0,0,0,0,0,7,0.591,-7.417,1,0.602,216.16,119.301,4,0.0,TRMMHIC128F92E8AE7,,1448,0.842332789509,0.747251065679,ARH861H1187B9B799E,,"Kingsland, AR",,d43d12a1-2dc9-4257-a2fd-0a3bb1081b86,Johnny Cash,4281,,0,0,Unchained,477786,,SONTDUZ12D021989FD,Rowboat,5304803,0,1996
179,22050,f59802d5df0279ec1b942d79e797f09b,0.0,220.57751,0.88,0.0,0,0,0,0,0,0,0,0,0,0,0,0,0,0,0,3,0.37,-7.916,0,0.356,210.129,132.971,4,0.473,TRMMHOK128F930FC87,,333949,0.455416901637,0.334117295235,ARQ9A111187B9AF963,40.71455,NY - New York City,-74.00712,b847da21-41fe-4410-92b9-9474e583c2c5,I_ Synthesist,-1,,0,0,Avalanche,451615,0.340922755864,SOQCROT12AB017ECA2,Captain_ My Captain,5014391,0,2003
180,22050,f6a0b2c701564f4062447ab70aa30235,0.0,239.75138,0.132,0.0,0,0,0,0,0,0,0,0,0,0,0,0,0,0,0,9,0.454,-6.769,1,0.248,233.906,113.445,4,0.539,TRMMHAK128F42667CA,,144414,0.638622326889,0.373768449171,AR93QG21187FB52E72,37.16793,US,-95.84502,954a45e0-5e21-44ae-8d56-44b79b4f1cb3,Derek Trucks;Solomon Burke,12652,,0,0,Joyful Noise,283285,,SOHBAMW12AF72A0AA9,Home In Your Heart,3164685,0,0
181,22050,131ad1b85651b9d812c4ca82cd20943c,0.0,181.81179,0.0,0.0,0,0,0,0,0,0,0,0,0,0,0,0,0,0,0,11,0.0,-10.819,0,0.25,172.228,183.791,4,0.454,TRMMHJT128F934B474,,381360,0.558266134534,0.338464497975,ARAROGW1257509DED1,,,,,Anael Miller,-1,,0,0,Silence,516688,0.0,SOHTYTP12AB0185CA1,Pourquoi,5715303,0,0
182,22050,3368ba44299911d8567464e02e213872,0.0,171.7024,0.073,0.0,0,0,0,0,0,0,0,0,0,0,0,0,0,0,0,11,0.1,-4.774,0,0.439,166.655,118.594,7,0.255,TRMMHGC128F9338059,,408936,0.519833434734,0.312319794621,AR5HCKD1187B9B4C23,,,,9cc8182d-a7d0-4c96-bb24-f7eed0c0a3cf,New York Rel-X,-1,,0,0,Sold Out Of Love,553602,,SOGTNHX12AB0180BF0,Sold Out Of Love,6120518,0,2005
183,22050,489d44ee1770e018fa630ff6cef86074,0.0,198.66077,0.403,0.0,0,0,0,0,0,0,0,0,0,0,0,0,0,0,0,4,0.222,-8.393,0,0.402,191.646,123.853,4,0.934,TRMMHYH128F4262566,,189368,0.43910038914,0.243238447557,ARYBP3U1187B9B3A4C,39.95227,"Philadelphia, PA",-75.16237,a0a0e4f7-75bb-43bd-b989-3c2eca411d07,Sensations,-1,,0,0,Listen To My Shapes,244650,,SODHRTM12A8C13B611,He's So Brave,2812489,0,2005
184,22050,9f960eb9ba74f65dcb584152f70c71b1,0.0,179.51302,0.399,0.0,0,0,0,0,0,0,0,0,0,0,0,0,0,0,0,5,0.34,-10.23,1,0.545,165.622,101.151,4,0.947,TRMMHEG128F42783F1,,33506,0.381687665925,0.2352544766,ARMX7A21187B99DF6A,,,,052c15f4-4ab8-41c3-bcd9-2074ec1106c7,Bad Dreams Fancy Dress,-1,,0,0,Girltalk,244772,0.299877488274,SODOHGX12A8C13ECBA,Rave Up,2909520,0,1989
185,22050,21cb2662ff1b3a770bd17fd5a26a97f2,0.0,181.39383,2.659,0.0,0,0,0,0,0,0,0,0,0,0,0,0,0,0,0,8,0.026,-9.098,1,0.184,175.647,121.991,4,1.0,TRMMHMD128F427428D,,20487,0.699262067756,0.517721371004,AR7B8PW1187FB3E82C,,,,455aca99-38f3-47cb-aa6b-820cf9de3c91,Blue Foundation,30691,,0,0,Sweep Of Days,157657,0.215080318509,SOPWMAB12A58A7E8E9,02.17 AM,1658762,0,2004
186,22050,75cba3f8a3689939acf72e2da51d805f,0.0,114.99057,2.99,0.0,0,0,0,0,0,0,0,0,0,0,0,0,0,0,0,11,0.067,-11.582,0,0.454,111.113,175.877,4,0.231,TRMMHAK128F4244179,,136839,0.484893131196,0.344871922171,AR3752L1187FB4B67E,,,,76f18c18-58df-47f9-9274-d3368d25129a,The Real Kids,144545,,0,0,Grown Up Wrong,192864,,SOMVWIV12A8C133D30,She's Alright,2096756,0,1977
187,22050,a3e8fa4881afc4430345412866ce8ed4,0.0,50.78159,2.49,0.0,0,0,0,0,0,0,0,0,0,0,0,0,0,0,0,6,0.0,-6.551,0,0.282,50.782,98.199,1,0.0,TRMMHCQ128F92C9727,,244557,0.514414554202,0.413757657252,AR3KXHI1187FB3A8BF,,,,2989f1b7-b1db-40a4-ab9e-a28a3b6d6c45,Dora The Explorer,24517,,0,0,Dora The Explorer,315020,0.633197379188,SOGKDCA12A8C141C21,The Itsy Bitsy Spider,3565936,0,0
188,22050,fc18ff36e1d34af2435ced6c9d5d1cfe,0.0,643.36934,1.025,0.0,0,0,0,0,0,0,0,0,0,0,0,0,0,0,0,10,0.455,-12.468,0,0.511,637.626,100.275,4,0.91,TRMMHXD128F92E344B,,9579,0.583811419843,0.453524272095,ARNO8TU1187B9AFE37,8.4177,Panama,-80.11278,255497f8-26fb-4044-b97e-d4787d5974f6,Billy Cobham,7528,,0,0,FOCUSED,522241,,SOCPXYM12A8C143BEF,Mirage,5770014,0,1998
189,22050,d666da46b8024ff5b695a7a786681d56,0.0,303.33342,0.0,0.0,0,0,0,0,0,0,0,0,0,0,0,0,0,0,0,1,0.658,-4.8,0,0.755,303.333,122.94,4,1.0,TRMMHKG128F425EBC4,,153284,0.417932125654,0.251498173685,ARYSX6N1187B9ACA16,43.7427,Michigan,-84.62167,a7b7fb1a-d79e-446c-bde5-234b906c197d,EM1,175127,,0,0,Live 2005,203498,0.253523649818,SOJDCGI12A8C137434,How Great Is Our King,2209837,0,2005
190,22050,6fb32d6221422ad0c3e59a4b7d5c3296,0.0,225.59302,1.106,0.0,0,0,0,0,0,0,0,0,0,0,0,0,0,0,0,9,0.604,-11.709,0,0.475,212.294,130.019,4,0.521,TRMMHGY128F42956EC,,171900,0.402867824695,0.351528258019,ARSRAKS11F4C83FDB5,,,,5c614575-325f-4652-b754-87bde0396d9a,Santa Claws and the Naughty But Nice Orchestra,-1,,0,0,And Christmas For All! The Holiday Tribute to Metallica,224789,,SOBLOFA12A8C140408,Battery,2457976,0,2007
191,22050,ce7bac67b39a84e82c0eabe743bb5d8f,0.0,386.32444,0.0,0.0,0,0,0,0,0,0,0,0,0,0,0,0,0,0,0,11,0.557,-6.58,0,0.62,379.896,130.984,4,0.428,TRMMHKG12903CDB1B5,,50661,0.842577664477,0.514522578266,ARVXV1J1187FB5BF88,,oxford,,6a65d878-fcd0-42cf-aff9-ca1d636a8bcc,Foals,-1,,0,0,Total Life Forever,815219,0.797208626347,SOHNFBA12AB018CD1D,Black Gold,9007438,0,2010
192,22050,8999408db1809745b8ed7ae449daf583,0.0,172.32934,0.195,0.0,0,0,0,0,0,0,0,0,0,0,0,0,0,0,0,2,0.805,-17.488,1,0.736,159.817,121.354,3,0.247,TRMMHCB128F93243FD,,4933,0.676647669549,0.49551343178,ARUL9Y61187FB3DF6B,40.71455,"New York City, New York, United States",-74.00712,3d621c94-2356-4532-ad52-79e0ef73e20c,Peter Yarrow,-1,,0,0,The Solo Recordings [1971-1972],360264,0.0,SOYBKBM12AB018577C,Mary Beth,4014271,0,0
193,22050,b51d57d16033b0c7b0428bdbb0b23009,0.0,410.90567,0.694,0.0,0,0,0,0,0,0,0,0,0,0,0,0,0,0,0,9,0.47,-13.36,0,0.565,398.884,241.309,4,0.78,TRMMHRF128F424C910,,217607,0.448351084452,0.323372777748,ARM0TDJ1187FB4D197,,,,e9213415-1acf-41b0-a161-eecb374759fe,Lird Van Goles,94743,,0,0,Who Set That Fire,272707,0.0,SOLOWYB12A6D4FBD7F,Walk In Holy Ghostwood/Time's Going On,3040419,0,2007
194,22050,0fe137b6cd405eeb3676bf848cb7624e,0.0,188.73424,0.125,0.0,0,0,0,0,0,0,0,0,0,0,0,0,0,0,0,3,0.316,-11.806,1,0.395,185.713,100.459,1,0.0,TRMMHVC128F92F2941,,2867,0.505559734328,0.385749928134,AR9HZXB1187B988B80,32.29869,"Jackson, MS",-90.18049,159f73c7-74f3-40d9-8937-ee90fdae4d67,Mississippi Sheiks,12729,,0,0,Honey Babe Let The Deal Go Down: The Best Of Mississippi Sheiks,391335,0.0,SOAUZXN12AB0184076,When You're Sick With The Blues,4345977,0,1994
195,22050,29ca2ccbd189f9b5e085721964b705f1,0.0,217.33832,0.0,0.0,0,0,0,0,0,0,0,0,0,0,0,0,0,0,0,1,0.0,-5.891,0,0.117,217.338,140.02,4,0.834,TRMMHFS128F93039A6,,99073,0.529352361418,0.359238746744,AROSDFR12496DAB706,,,,d6666b7a-3150-450d-a49e-bff4ce5749cf,Jessica Folcker,-1,,0,0,Snowflakes,617370,0.196116443239,SOQXRDM12AAF3B4503,Snowflakes (VeebeeO Remix),6859248,0,0
196,22050,97ecec5fe280e18224111aa137fd62f3,0.0,257.27955,0.0,0.0,0,0,0,0,0,0,0,0,0,0,0,0,0,0,0,0,0.384,-5.413,1,0.517,257.28,90.098,4,1.0,TRMMHIG128F4228C77,,174853,0.152304568482,0.0,ARV5O571187B9B7B02,,,,2032f5df-5d77-477c-9529-eb6d80bf065f,Visaci Zamek,-1,,0,0,25 let,233633,,SOZUWRR12A8AE48107,Traktor,2563267,0,1995
197,22050,6045e074256172d7bfce5ee98ca0c4db,0.0,178.75546,0.164,0.0,0,0,0,0,0,0,0,0,0,0,0,0,0,0,0,6,0.061,-16.766,0,0.466,173.087,145.223,4,0.373,TRMMHWW128F930BBAE,,151464,0.473669926715,0.30649843922,ARYLWOY1187FB4DDCD,,,,110428b1-a810-4ed4-aca5-b6fb07b1504a,BuRo,153610,,0,0,Buro's Jolly Bus,349072,0.0,SOEFBBG12AB0183691,I Can't Take The Runnings Ina Babylon - Original,3896944,0,0
198,22050,771d414fd7ad5fb5a7fbd2f1d0d009d8,0.0,225.95873,0.0,0.0,0,0,0,0,0,0,0,0,0,0,0,0,0,0,0,2,0.438,-4.338,1,0.599,221.634,111.929,4,0.91,TRMMHBL128F42BA0A8,,204007,0.629677052606,0.389676487509,AR5HD4C11C8A415667,52.47859,Birmingham,-1.9086,d9d2505e-d221-4ea6-861e-158757bb0a05,Bryn Christopher,-1,,0,0,My World,311765,0.590824064765,SOCXZRM12A8C141BDE,Smilin',3520718,0,2008
199,22050,218533b940d77604ca0af782feaabf51,0.0,189.46567,0.0,0.0,0,0,0,0,0,0,0,0,0,0,0,0,0,0,0,9,0.139,-5.798,0,0.253,189.466,94.041,4,0.4,TRMMHXQ12903CA60B8,,54229,0.709095393128,0.358357904489,ARLDG3Y1187B98C648,,"Santurce, Puerto Rico",,c842457c-8087-433d-a895-ec58e7f14ca0,Voltio,6310,,0,0,12 Discipulos,574186,0.0,SOBGXZN12AB0188FBD,Atrevida Bandolera,6361720,0,0
200,22050,ede009d2eecdf325de1780960f6a5212,0.0,333.92281,0.263,0.0,0,0,0,0,0,0,0,0,0,0,0,0,0,0,0,7,0.045,-9.506,1,0.393,328.574,94.2,3,1.0,TRMMHFO128F426E55C,,23016,0.626655701974,0.365146670813,ARW3OU61187B98A81E,,"London, England",,32879572-01ea-48f0-8f25-8acb38fee26a,Hexstatic feat. Juice Aleem,212229,,0,0,You Don't Know - Ninja Cuts,209850,0.569275650675,SOTGSQM12A8C13835E,Distorted Minds,2277545,0,0
201,22050,46579c0e1c1ba3dd89a0486508fdc4ac,0.0,301.97506,0.096,0.0,0,0,0,0,0,0,0,0,0,0,0,0,0,0,0,6,0.784,-15.846,1,0.649,293.32,99.812,1,0.0,TRMMHRA128F9301363,,197404,0.533399180535,0.343719417121,ARFAHK41187B9A9D15,,,,6d1fecbd-9839-4421-82a3-3b4c80d48af3,Travolta,-1,,0,0,Manual de redencion,343102,0.304169503435,SOWTTWF12AB017E12A,Esa Cancion Nos Salvo,3842277,0,0
202,22050,1314615d1d6ce711b90007a3f2d24978,0.0,872.41098,2.961,0.0,0,0,0,0,0,0,0,0,0,0,0,0,0,0,0,11,0.201,-11.67,0,0.202,866.424,86.697,7,0.691,TRMMHND128F1479356,,23536,0.635278551288,0.427263862383,ARHT83H1187FB3F3F4,,,,a9a11eda-c39a-4c36-942d-2719adc4edf6,Mediengruppe Telekommander,-1,,0,0,Mediengruppe Telekommander Live In München am 23.04.2006 (Bavarian Open Sessions - Bayerischer Rundfunk / Zündfunk),37053,,SOTCVEA12A6D4F9DBF,Trend / Sprengkörper (Medley) (Live),398075,0,0
203,22050,362388539a48285c8c0af0d1cf534584,0.0,223.79057,0.113,0.0,0,0,0,0,0,0,0,0,0,0,0,0,0,0,0,2,0.031,-7.701,1,0.288,218.244,149.081,1,0.0,TRMMHEB128F930B953,,345474,0.567261405084,0.338273865777,AR07N4Y1187B99A956,38.8991,"Washington, D.C.",-77.029,ed9bfc5e-f56e-4839-ad91-be08bde6314e,Middle Distance Runner,195134,,0,0,The Sun & Earth,620472,0.432388738242,SORGHYR12AB017F847,The Unbeliever,6892199,0,0
204,22050,4ffc275c5c51105f6412c799f7499b1c,0.0,249.57342,0.0,0.0,0,0,0,0,0,0,0,0,0,0,0,0,0,0,0,7,1.0,-11.099,1,0.953,243.873,83.719,4,0.219,TRMMHZK128F933648C,,137801,0.631127436934,0.48067925806,AR8AYDW1187FB4BA8F,39.95227,Philadelphia,-75.16237,4cfe744b-fcfc-4d05-8627-d0f4f3969163,Denison Witmer,15716,,0,0,The 80's EP,552986,0.270775998946,SOSTUZH12AB0181789,Paper Doll,6113400,0,0
205,22050,255920187a2b926987676972eb012221,0.0,258.42893,0.328,0.0,0,0,0,0,0,0,0,0,0,0,0,0,0,0,0,1,0.534,-6.661,1,0.557,252.558,132.979,1,0.0,TRMMHMD128F42915F1,,233750,0.601895616145,0.463989182172,ARPFQSQ1187FB5284B,,,,1a79fc33-3cfb-4736-9042-b6b9e8ce4fe9,Boney M. 2000,-1,,0,0,20th Century Hits,298575,0.793935221082,SOQAQDK12A8C138F81,Gotta Go Home,3352609,0,1999
206,22050,cf5018c428076aba4cd7f32edc14b925,0.0,220.76036,0.467,0.0,0,0,0,0,0,0,0,0,0,0,0,0,0,0,0,7,0.811,-15.965,1,0.779,210.454,103.253,4,0.046,TRMMHWM128F9316BD3,,192619,0.442769650057,0.294986616555,ARI648V1187B9B5379,,,,4e744ffc-767a-4b18-b485-47d4b123ff4a,Michael Stanley Band,15835,,0,0,You Break It...You Bought It!,540308,0.245053301674,SOKGEOT12AB01815B2,Gypsy Eyes,5982913,0,1975
207,22050,58480fed0b99e78f0ba1f963af2a8a10,0.0,268.30322,2.119,0.0,0,0,0,0,0,0,0,0,0,0,0,0,0,0,0,6,0.582,-25.946,1,0.546,237.459,84.646,4,1.0,TRMMHER12903CB1EBA,,2493,0.466716596913,0.272859475346,ARSHAD31187FB58F47,42.31256,Mass. - Boston,-71.08868,cba412a5-4f8d-4999-827a-92b63e112892,Boston Pops Orchestra,61058,,0,0,Rossini's La Boutique Fantasque_ Dukas's The Sorcerer's Apprentice And Ibert's Divertissement,577365,,SOKFJOP12AB018B475,Valse Lente,6410994,0,0
208,22050,ca407ac5fe5002f58ee3b0e0ad0506d4,0.0,49.52771,3.094,0.0,0,0,0,0,0,0,0,0,0,0,0,0,0,0,0,5,0.378,-13.123,1,0.511,49.528,165.0,4,0.0,TRMMHFP128F935450F,,171285,0.573899037493,0.314440293457,ARJ17EW1187B9AF9E8,,,,35cf32da-a411-4480-9bff-11648b788126,The Show is the Rainbow,-1,,0,0,Gymnasia,520022,,SOXXSGK12AB0182E1B,Three,5752885,0,0
209,22050,124042792a883aff84f1d9c9108c58f8,0.0,78.2624,0.067,0.0,0,0,0,0,0,0,0,0,0,0,0,0,0,0,0,7,0.113,-3.737,1,0.328,75.146,118.745,4,0.0,TRMMHLC128F92D80ED,,267569,0.58776858821,0.464547022516,AR6HFW21187B9A8922,,Dallas TX,,0bd6ba12-1568-4b05-97e2-ec4aab47af0a,Kill The Client,44958,,0,0,Escalation of Hostility,427584,0.407901717218,SOEMJOV12A8C14238E,Gridlock,4775196,0,2005
210,22050,49e0d4665f17809da9c9f0c37e1f8844,0.0,213.78567,0.56,0.0,0,0,0,0,0,0,0,0,0,0,0,0,0,0,0,4,0.402,-6.471,1,0.436,198.258,134.899,4,0.67,TRMMHPJ12903CF3225,,21304,0.668305851453,0.411727149406,ARX07G11187B9AC915,,"Los Angeles, CA",,909880dc-435e-4626-986c-4040836e52ae,Giant Drag,4541,,0,0,Swan Song,779913,0.503752061361,SOCMMIU12AC4689787,White Baby,8630462,0,2010
211,22050,3b9f57b2feafef54bf6879c8ac6ed478,0.0,207.85587,0.0,0.0,0,0,0,0,0,0,0,0,0,0,0,0,0,0,0,2,0.071,-5.701,0,0.334,195.5,160.21,4,0.841,TRMMHDT128F422F115,,13627,0.771685623,0.540151210513,AR3I6YW1187B990DAA,,"New Brunswick, NJ",,0acae232-d31a-4211-b6d0-6af1b6350274,Thursday,-1,,0,0,Full Collapse,128090,0.653050171409,SOJEZBM12A6D4FEA96,A Hole In The World (Album Version),1322367,0,2001
212,22050,6b4e0965de1fb5dc9b3870de74f86a02,0.0,369.21424,0.397,0.0,0,0,0,0,0,0,0,0,0,0,0,0,0,0,0,9,0.902,-15.275,0,0.832,347.301,137.513,4,0.0,TRMMHDN12903D03192,,1726,0.605139699964,0.420937754837,ARU0HTX1187B98B4C6,34.05349,California - LA,-118.24532,4bf9b00d-5f32-4b6f-badb-ad7bda086cb9,Lisa Lynne and Georege Tortorelli,14334,,0,0,Love & Peace,607122,0.265861049211,SOFKPCM12AC468BF72,The Journey,6746187,0,0
213,22050,11a8f7664b16a296c9e8077d9b20bd95,0.0,195.91791,0.0,0.0,0,0,0,0,0,0,0,0,0,0,0,0,0,0,0,7,0.704,-6.911,1,0.601,185.08,143.0,1,0.232,TRMMHAV128F427F9E8,,194074,0.494335839547,0.379497318236,ARGSL211187B9B03CA,,CANADA - Ontario,,73887253-efee-427c-9728-191a4571cdcd,The Peelers,-1,,0,0,THEGETDOWNSYNDROME,252816,0.400039656955,SOCYOVS12A8C13E8E6,That's Why I'm Leaving,2939936,0,0
214,22050,b28dd1f1f3b7f6d5d17c0ec4025fd11e,0.0,178.6771,0.194,0.0,0,0,0,0,0,0,0,0,0,0,0,0,0,0,0,2,0.741,-10.042,1,0.698,168.316,140.369,4,0.832,TRMMHMD12903CEC613,,143609,0.453085250099,0.382668086372,ARUHX3U1187FB57A44,45.49919,"South Whitney, IN",-78.24499,fd2a2e7a-c2fe-4046-963d-a1a5d863015b,Janie Fricke,16009,,0,0,The Very Best of Janie Fricke,687129,,SOEPILV12AC4688560,Your Heart's Not In It,7626969,0,1993
215,22050,3a7933f9e19e2281f522d31af5a7198f,0.0,230.94812,0.189,0.0,0,0,0,0,0,0,0,0,0,0,0,0,0,0,0,5,0.209,-6.552,1,0.573,228.084,126.182,5,0.728,TRMMHMZ128F92F3424,,178307,0.489940317765,0.348016734723,ARYKWZZ1187FB46F41,,,,5459db1c-a96f-4749-9cbe-4a572825455c,Johnny Ventura,37779,,0,0,10 De Colección,482158,0.0,SOCQZNO12AAF3B39B3,La Inseminacion,5348172,0,0
216,22050,399a9323f0c218feca3c1894266f5ccc,0.0,302.34077,0.2,0.0,0,0,0,0,0,0,0,0,0,0,0,0,0,0,0,2,0.232,-12.757,0,0.207,300.031,118.231,5,0.634,TRMMHSM128F42B0CB8,,172668,0.349587819368,0.319266429779,ARJ6WGW1187B9913EB,,,,b052b4ec-6f99-4d22-8e4b-1f9231084c9f,Willie Barcena,-1,,0,0,The Hot & Spicy Mamitas,226709,0.266955186276,SOQKUKI12A8C13EF23,Willie Barcena,3482685,0,0
217,22050,3b19a61b77d00fa1bf99e969ecde30eb,0.0,552.69832,0.357,0.0,0,0,0,0,0,0,0,0,0,0,0,0,0,0,0,11,0.621,-7.926,0,0.423,547.097,128.094,4,0.441,TRMMHKH128F92FD60E,,41786,0.455041378139,0.323539749592,ARDK3D21187B9B7AD3,,,,cf758367-3438-46f7-8310-c0ef749e5665,Miquel Brown,147709,,0,0,The Extended Mix,748378,,SOCPWEP12A8C142FD2,This Time It's Real,8285112,0,0
218,22050,b6f6ec9dd6f829691f3c7e128a9b87fa,0.0,174.13179,0.403,0.0,0,0,0,0,0,0,0,0,0,0,0,0,0,0,0,10,0.763,-19.506,0,0.725,160.52,81.157,5,0.766,TRMMHXV128F930119C,,79939,0.419083776596,0.332348237083,ARZXVY01187B9972EC,38.99792,Colorado,-105.55096,fef837d2-c71f-4c55-9f34-de500aa3966e,Davol,74808,,0,0,Paradox,533238,0.0,SODFUXQ12AB017E9B1,Final Promise (World),5893049,0,0
219,22050,dd2655cc1a32d1a6ed79c580aa1f033b,0.0,313.41669,8.586,0.0,0,0,0,0,0,0,0,0,0,0,0,0,0,0,0,0,0.501,-4.271,1,0.662,296.681,120.068,4,0.813,TRMMHUV128F424E0C3,,4516,0.745826130602,0.46801196368,ARCUL501187B9AF797,,"Bradford, W. Yorks, England",,8846e4ff-0c19-4af2-872b-7a8dc7497f68,The Cult,9681,,0,0,Born Into This,143373,0.285915251233,SOAFVYC12A8C1345AD,Stand Alone (Album Version),1497026,0,2007